着順,枠,馬番,馬名,性齢,斤量,騎手,タイム,着差,人気,単勝オッズ,後3F,コーナー通過順,厩舎,馬体重（増減）
1,2,2,クリアミッション,牡3,56,大庭,01:20.4,,5,9.4,37,12月9日,美浦土田,506(+2)
2,1,1,エストラード,牡3,56,江田照,01:20.4,アタマ,4,8.3,37.3,8月7日,美浦武市,478(+2)
3,5,9,マッチャパフェ,牝3,54,武藤,01:20.4,アタマ,6,10.5,38.2,1月1日,美浦林,446(-4)
4,3,4,コルニリア,牡3,56,嘉藤,01:20.6,3月4日,9,19.3,38.1,3月3日,美浦大和田,440(+2)
5,7,12,ローズオブシャロン,牝3,54,石橋脩,01:20.6,クビ,3,7.3,38.2,2月2日,美浦大竹,458(0)
6,3,5,バーンパッション,牡3,56,大野,01:20.7,クビ,10,20.2,37.1,12月11日,美浦中川,468(+2)
7,6,10,ユタカサン,牡3,56,吉田豊,01:20.7,アタマ,8,17.4,37.9,3月5日,美浦竹内,486(+8)
8,4,7,サイモンバトラー,牡3,56,田辺,01:20.7,ハナ,7,15,37.4,9月9日,美浦矢野,462(+12)
9,4,6,コパノラクラク,牝3,54,宮崎,01:20.8,1月2日,12,97.2,38,6月5日,美浦和田勇,442(+4)
10,8,14,コーラルティアラ,牝3,54,横山典,01:20.8,アタマ,1,3.4,37.3,9月11日,美浦和田勇,460(-2)
11,2,3,ストームファルコン,牡3,56,Ｍデム,01:20.9,3月4日,2,4.4,37.1,14-14,美浦水野,472(+2)
12,8,15,マサノゴールデン,牝3,54,北村宏,01:21.4,3,11,31.4,38.9,3月3日,美浦木村,476(-18)
13,5,8,マインレッド,牝3,54,菅原隆,01:23.1,大,15,451.2,40,6月7日,美浦小野,436(+8)
14,6,11,アイアンカレン,牝3,54,丹内,01:23.7,3.1/2,13,271.9,40.1,9月11日,美浦青木,408(+2)
15,7,13,サンテンプル,牝3,53,☆野中,01:26.2,大,14,389.3,40,15-15,美浦伊藤伸,418(-6)
1,8,16,エヴァジョーネ,牝3,54,武豊,01:27.2,,3,8,37.7,2月2日,栗東安田翔,428(0)
2,3,6,ラブアドベンチャー,牝3,54,横山典,01:27.3,1月2日,4,12.9,38,1月1日,美浦尾関,468(0)
3,1,1,ヴィエントアスール,牡3,56,ルメー,01:27.3,クビ,2,4.2,37.7,5月5日,栗東鈴木孝,470(0)
4,6,11,ムーンダイアローグ,牡3,56,ミナリ,01:27.6,2,6,20.4,37.2,9月8日,美浦矢野,436(0)
5,5,9,キアナポラリス,牝3,54,柴田善,01:28.2,3.1/2,8,67.1,37.6,11月11日,美浦国枝,432(0)
6,5,10,ジャックオレンジ,牡3,55,☆野中,01:28.2,アタマ,7,37.6,38.2,7月7日,美浦武井,482(0)
7,4,7,ワンチーム,牡3,54,△木幡育,01:28.4,1.1/4,9,78.7,39,2月2日,美浦清水英,458(0)
8,7,13,マテンロウヴァモス,牡3,56,マーフ,01:28.6,1.1/2,1,1.6,39.1,2月2日,栗東藤原英,512(0)
9,2,3,エメラルディ,牝3,54,横山和,01:29.7,7,5,16.2,40,5月5日,美浦勢司,484(0)
10,6,12,ウインオーサム,牡3,56,松岡,01:29.7,クビ,11,105.2,39.3,9月8日,美浦中舘,462(0)
11,8,15,ジニービーチ,牝3,54,丹内,01:29.7,ハナ,13,153.6,39.3,8月8日,美浦上原,480(0)
12,2,4,ベルダリーター,牝3,54,嘉藤,01:30.4,4,10,79.8,38.3,15-15,美浦水野,466(0)
13,4,8,サンディロン,牝3,54,田中勝,01:30.5,クビ,14,163.9,38.7,14-13,美浦宗像,426(0)
14,7,14,ツウカイヴィータ,牝3,54,石川,01:30.8,1.3/4,12,108.7,39.1,11月13日,美浦高橋裕,454(0)
15,3,5,マリノエヴァ,牝3,54,菅原隆,01:31.5,4,16,325.1,40.5,11月12日,美浦的場,426(0)
16,1,2,エクセルチェイサー,牡3,56,村田,01:34.7,大,15,274.9,41.1,16-16,美浦天間,486(0)
1,6,12,シゲルミカヅキ,牡3,56,ルメー,01:39.5,,1,3.1,38.2,4月4日,美浦伊藤圭,452(+4)
2,4,8,ハイエストエンド,牡3,56,田辺,01:39.6,1月2日,3,6.4,38.5,2月2日,美浦小西,500(-6)
3,8,16,クロッチ,セ3,56,丹内,01:39.6,クビ,13,90.1,38.4,4月4日,美浦杉浦,458(-12)
4,2,4,ハットルヴァン,牡3,56,大野,01:39.9,1.3/4,5,8.4,38.2,8月9日,美浦菊沢,496(-6)
5,7,14,リンガスウォリアー,牡3,56,石川,01:40.0,クビ,10,45,38.3,10月9日,美浦中舘,476(+10)
6,1,1,キンブレル,牡3,56,武豊,01:40.0,クビ,4,7,39,1月1日,美浦矢野,466(0)
7,4,7,ベルウッドヨウサン,セ3,56,北村宏,01:40.1,1月2日,12,69.9,39,2月2日,美浦中舘,476(-20)
8,5,10,ワンモアエフォート,牡3,56,横山和,01:40.2,3月4日,6,10.9,37.3,16-16,美浦勢司,490(+6)
9,5,9,リュードマン,牡3,56,横山典,01:40.3,1月2日,7,20.9,38.8,6月6日,美浦中川,470(+2)
10,3,6,アナザーチャンス,牡3,56,江田照,01:40.3,クビ,14,104.3,38.8,6月6日,美浦小笠,452(+8)
11,3,5,グラスディアブロ,牡3,56,ミナリ,01:40.6,2,9,41.6,38.6,14-13,美浦手塚,460(-4)
12,8,15,トーセンスプリント,牡3,56,柴田善,01:40.8,1.1/4,11,64,38.1,15-15,美浦小野,472(-2)
13,6,11,セイプレシャス,牝3,53,☆菊沢,01:41.1,1.3/4,16,289.1,39.3,10月9日,美浦浅野,420(-2)
14,7,13,リュウノチョッパー,牡3,56,松岡,01:41.3,1.1/4,8,23.2,39.8,8月6日,美浦伊藤伸,460(-8)
15,2,3,フジコウキ,牡3,55,☆野中,01:41.5,1.1/4,15,112.8,39.8,10月9日,美浦高市,464(0)
16,1,2,オプティマス,牡3,56,マーフ,01:41.8,2,2,4.4,39.8,13-13,美浦国枝,478(+4)
1,7,9,ロンゴノット,牡3,56,武豊,01:37.4,,2,2.7,37.2,1月1日,美浦高柳瑞,486(-2)
2,8,10,ラブリーエンジェル,牝3,54,武藤,01:37.7,2,8,19.9,37.4,2月2日,美浦堀井,432(0)
3,2,2,タイセイポリシー,牡3,56,内田博,01:38.0,2,6,17.6,36.4,8月8日,美浦栗田,488(+6)
4,6,7,ニシノレオニダス,牡3,56,松岡,01:38.0,ハナ,5,14.4,37.2,5月4日,美浦中舘,514(+6)
5,7,8,ケンシンコウ,牡3,56,丸山,01:38.1,1月2日,3,12.7,36.1,10月10日,美浦小西,472(-2)
6,4,4,フリーフロー,牡3,56,大野,01:38.2,1月2日,7,18.7,36.9,7月6日,美浦宗像,478(-6)
7,1,1,サンライズラポール,牡3,56,ルメー,01:38.5,1.3/4,1,2.2,37.9,3月3日,栗東平田,496(0)
8,6,6,ジャッジ,牡3,56,北村宏,01:38.5,ハナ,4,13.8,36.9,8月8日,美浦和田雄,488(+8)
9,3,3,ケイツーキナ,牝3,52,△木幡育,01:39.1,3.1/2,11,184.2,37.8,5月6日,美浦大江原,466(+2)
10,8,11,エウロパ,牝3,54,木幡巧,01:39.7,3.1/2,9,28.1,38.7,4月5日,美浦尾形,464(+10)
11,5,5,アジュバント,牡3,56,吉田豊,01:40.6,5,10,58.9,38.3,11月11日,美浦上原,454(0)
1,7,14,ラキャラントシス,牝3,54,津村,01:36.5,,5,14.8,34.7,1月1日,美浦鈴木伸,480(-2)
2,4,8,スピードオブラブ,牝3,54,北村宏,01:36.6,1月2日,2,5.1,34.2,5月5日,美浦中川,436(-2)
3,8,15,ロジアイリッシュ,牝3,54,ルメー,01:36.8,1,4,8.8,33.9,11月11日,美浦国枝,494(-6)
4,2,3,タイキスウォード,牡3,56,マーフ,01:36.9,1月2日,1,2,34.6,5月5日,美浦高橋祥,450(0)
5,4,7,オメガエリタージュ,牡3,56,武豊,01:36.9,ハナ,3,5.9,34.7,4月3日,美浦斎藤誠,448(0)
6,1,2,トランペットシェル,牡3,56,柴田善,01:37.0,3月4日,7,19.9,34.9,3月3日,美浦大江原,494(-4)
7,7,13,ボウイッシュ,牝3,54,武藤,01:37.3,2,8,23.4,34.7,8月8日,美浦戸田,430(-8)
8,3,5,レリスタット,牝3,54,石橋脩,01:37.3,クビ,9,52,34.4,11月11日,美浦奥村武,442(+2)
9,3,6,ココニアル,牝3,54,大野,01:37.3,アタマ,10,54.9,34.3,11月11日,美浦和田勇,444(+8)
10,6,11,カミノホウオー,牡3,55,☆野中,01:37.6,2,11,90.7,35.6,2月2日,美浦竹内,510(+14)
11,5,9,リネンミッション,牝3,54,丹内,01:37.6,クビ,13,303.9,34.9,9月8日,美浦南田,412(-14)
12,8,16,デルマアメジスト,牝3,54,江田照,01:37.7,1月2日,14,397.5,35.3,5月5日,美浦蛯名,448(-8)
13,5,10,エフティクルーク,牡3,56,伊藤,01:37.8,3月4日,6,15.1,34.6,14-14,美浦金成,458(-6)
14,1,1,ワイルドブリット,牡3,56,井上,01:38.6,5,16,529.9,36,9月8日,美浦根本,450(+8)
15,6,12,サンバーバンク,牝3,52,△木幡育,01:38.6,クビ,15,508.7,35.1,16-16,美浦粕谷,418(0)
16,2,4,ジャジャウマ,牝3,53,☆菊沢,01:39.0,2.1/2,12,250.6,35.7,14-15,美浦深山,420(+12)
1,5,5,ダノングロワール,牡3,56,マーフ,02:26.5,,1,2.2,33.8,1-1-1-1,美浦国枝,488(-4)
2,2,2,リスペクト,牡3,56,ルメー,02:27.2,4,2,3.4,34.2,4-3-3-3,美浦奥村武,468(+6)
3,7,9,ホウオウハルカス,牡3,56,松岡,02:27.7,3,3,3.6,34.5,5-5-5-4,美浦斎藤誠,470(-6)
4,5,6,ブレーナード,牡3,56,ミナリ,02:28.0,1.3/4,4,17.9,34.8,5-5-5-4,美浦高橋祥,434(-2)
5,3,3,セイウンノワール,牝3,54,田中勝,02:28.9,5,6,28.3,35.5,8-7-7-7,美浦尾形,510(0)
6,4,4,インディードシチー,牡3,56,吉田豊,02:29.2,1.3/4,11,176.9,35.7,9-9-7-7,美浦上原,502(+10)
7,1,1,トロピカルビーチ,牝3,54,丹内,02:29.5,2,8,37.3,36,5-7-7-7,美浦和田雄,422(+2)
8,6,7,カガジャスティス,牡3,56,岩部,02:29.6,クビ,7,32,36.5,2-3-3-4,美浦萱野,512(-2)
9,8,11,エアリアルシティー,牡3,56,江田照,02:29.7,3月4日,10,115.8,35.9,12-12-12-10,美浦石毛,472(-8)
10,7,10,クリノファイヤー,牝3,54,柴田善,02:30.3,3.1/2,9,47.4,37.4,2-2-2-2,美浦本間,462(0)
11,8,12,フィジーマジック,牡3,54,△木幡育,02:30.6,2,12,289.4,36.7,9-10-10-11,美浦加藤和,438(+4)
12,6,8,ワイルドフレーズ,牡3,56,石川,02:31.1,3,5,20.7,36.7,11-11-11-12,美浦黒岩,476(+4)
1,1,2,シセイタケル,牡5,57,マーフ,01:24.9,,1,3.3,36.9,3月2日,美浦高橋文,472(+2)
2,5,10,ポップアップスター,牡6,57,ルメー,01:25.1,1,2,3.6,36.3,8月10日,美浦金成,534(+14)
3,2,3,クワトロダッシュ,牡5,57,木幡巧,01:25.2,1月2日,7,29.7,37,5月4日,美浦牧,490(0)
4,6,11,ディナミーデン,牡5,57,田辺,01:25.3,3月4日,5,7.7,36,14-14,美浦田島,480(-4)
5,8,16,フジノタカネ,牡4,57,武豊,01:25.4,3月4日,4,6.8,36.7,8月7日,美浦手塚,520(-4)
6,7,13,ハルメキ,牝5,53,△木幡育,01:25.5,3月4日,3,5.6,37.3,3月4日,美浦深山,454(+2)
7,2,4,チャンダナ,牝4,55,津村,01:25.6,3月4日,12,125.4,37.8,1月1日,美浦粕谷,474(-2)
8,8,15,ラブインブルーム,牝4,54,☆菊沢,01:26.1,3,13,173.3,36.4,16-16,美浦萱野,416(-34)
9,4,7,ロードシュタルク,牡4,57,武藤,01:26.4,1.3/4,11,59.3,37.8,7月7日,美浦高柳瑞,448(+8)
10,6,12,テキーラ,牡4,57,横山和,01:26.4,ハナ,15,213.1,38.4,2月2日,美浦勢司,538(+15)
11,3,6,ヤマチョウヴォイス,牡4,57,石川,01:26.5,1月2日,14,203.3,37.8,8月7日,美浦相沢,458(+6)
12,3,5,ストームウォリアー,セ4,57,北村宏,01:26.8,1.3/4,8,31.5,38.3,5月6日,美浦中川,488(-5)
13,4,8,ライクトゥシャイン,牡4,57,大野,01:27.0,1.1/2,9,37.1,37.7,14-14,美浦小笠,440(-6)
14,7,14,マノアフォールズ,牡4,57,松岡,01:27.4,2.1/2,6,16.1,38.4,11月11日,美浦斎藤誠,470(+10)
15,1,1,ジュンノサップ,牡4,57,内田博,01:27.6,1.1/4,10,40.7,38.6,11月11日,美浦畠山,484(-4)
16,5,9,クリーンガーベラ,牝4,54,☆野中,01:27.8,1.1/4,16,345.5,38.7,11月11日,美浦鈴木伸,456(-14)
1,8,15,アイファーキングズ,牡4,56,マーフ,02:11.3,,1,2.3,36.2,7-3-4-3,栗東鮫島,490(-2)
2,4,7,ヴォウジラール,牡5,57,ルメー,02:11.3,ハナ,2,4.2,36.1,7-7-6-5,美浦尾関,530(0)
3,4,8,サクラアリュール,牡5,57,北村宏,02:11.6,1.1/2,3,5,36.3,13-12-6-7,栗東村山,470(-2)
4,5,9,ヴィジョンオブラヴ,牡5,57,Ｍデム,02:12.3,4,6,15.9,36.6,16-16-6-11,美浦新開,502(+6)
5,3,6,トモノコテツ,牡5,57,武豊,02:12.6,2,4,13.2,37.3,4-3-6-7,栗東浜田,474(-2)
6,3,5,スピンドクター,セ5,57,ミナリ,02:12.6,クビ,5,15.7,37.1,14-15-10-9,栗東野中,456(-18)
7,7,13,インザバブル,牡7,57,木幡巧,02:12.6,ハナ,13,74.8,37.6,2-2-2-2,美浦新開,506(-4)
8,6,12,フーズサイド,牡4,56,武士沢,02:12.8,3月4日,8,43.6,36.8,14-14-15-15,美浦堀井,490(+2)
9,1,2,ゴールデンライオン,牡4,56,内田博,02:12.9,1月2日,14,102.6,36.8,12-13-16-15,栗東川村,488(-6)
10,2,3,アルデエンブレム,牡4,56,宮崎,02:13.1,1.1/4,10,47.4,37.9,4-3-5-5,栗東清水久,478(-4)
11,7,14,シティーオブスター,牡4,56,津村,02:13.3,1.1/2,7,16,37.6,9-10-10-11,美浦矢野,508(-4)
12,5,10,シンアンドケン,牡5,56,☆野中,02:13.3,クビ,9,44.6,37.6,4-7-10-11,栗東本田,486(-2)
13,1,1,ラムセスバローズ,牡5,57,丸山,02:13.4,クビ,11,62.2,37.8,11-9-10-9,美浦木村,508(+2)
14,8,16,ネコマヒカ,牡5,57,石川,02:13.6,1.1/4,16,151.5,38.5,3-3-2-3,栗東山内,524(-8)
15,6,11,シゲルポインター,牡6,55,△木幡育,02:13.8,1.1/2,15,132.7,38.9,1-1-1-1,美浦蛯名,480(0)
16,2,4,アリスカン,牡6,57,嘉藤,02:14.2,2.1/2,12,72.4,38.4,9-10-14-14,美浦田島,528(+18)
1,4,8,ロードグラディオ,牡4,57,ルメー,01:23.5,,5,10.1,36.1,7月7日,栗東西浦,486(0)
2,8,15,エテルニテ,牝5,55,柴田善,01:23.7,1.1/4,11,31.8,36.8,2月2日,栗東平田,492(-10)
3,4,7,バーンフライ,牡5,57,野中,01:23.8,1月2日,14,97.7,36.1,11月10日,栗東矢作,492(+8)
4,7,14,サザンヴィグラス,牡5,57,丸山,01:23.8,クビ,3,7.2,36.6,4月4日,美浦根本,498(+2)
5,5,10,ゴールドラグーン,牡4,57,横山典,01:24.0,1.1/4,4,8.2,37.1,2月2日,栗東斉藤崇,490(-10)
6,1,1,マイウェイアムール,牝5,55,内田博,01:24.0,アタマ,12,51,36.3,11月10日,美浦林,484(-4)
7,5,9,メイショウミライ,牡5,57,武豊,01:24.0,ハナ,2,5.6,36.5,7月7日,栗東南井,484(-8)
8,6,12,ナンヨーイザヨイ,牡4,57,石橋脩,01:24.1,3月4日,6,11.2,37,4月4日,栗東松永幹,468(-4)
9,3,6,パイルーチェ,牝6,55,横山和,01:24.1,ハナ,9,22.5,35.9,16-16,美浦鈴木伸,488(+4)
10,2,3,ハルクンノテソーロ,牡6,57,大野,01:24.4,1.3/4,8,20.7,36.5,14-13,美浦高木,476(0)
11,1,2,ラレータ,牡6,57,ミナリ,01:24.7,1.3/4,7,13.7,36.8,15-13,美浦林,480(-6)
12,3,5,コウエイアンカ,セ5,57,田中勝,01:24.8,クビ,10,27,37.1,10月10日,栗東森,480(+12)
13,7,13,マイネルバールマン,牡6,57,丹内,01:25.6,5,16,188.5,38.4,4月4日,美浦青木,546(-4)
14,6,11,カタナ,牡5,57,松岡,01:25.6,ハナ,13,51.1,37.5,11月15日,美浦上原,512(+10)
15,2,4,ペイシャネガノ,牝4,55,Ｍデム,01:25.8,1.1/4,1,3,38.3,7月7日,美浦深山,462(-2)
16,8,16,ゲキリン,牡6,57,北村宏,01:26.0,1.1/4,15,155.2,39.4,1月1日,栗東吉村,484(+2)
1,8,9,ラウダシオン,牡3,56,武豊,01:21.2,,3,5.5,33.5,1月1日,栗東斉藤崇,490(0)
2,7,7,ハーモニーマゼラン,牡3,56,大野,01:21.5,2,6,16.3,33.4,4月4日,美浦牧,510(-4)
3,1,1,ゼンノジャスタ,牡3,56,田中健,01:21.7,1.1/4,4,9.5,33.4,5月5日,栗東浅見,468(-8)
4,8,10,アブソルティスモ,牡3,56,ルメー,01:21.8,1月2日,1,2,33.3,7月7日,美浦藤沢和,502(+2)
5,4,4,シャドウブロッサム,牝3,54,Ｍデム,01:21.8,アタマ,7,19.7,33,10月9日,栗東藤岡,446(0)
6,7,8,アルムブラスト,牡3,56,マーフ,01:22.1,1.3/4,2,4,34.2,2月2日,美浦高橋文,518(+10)
7,2,2,ヴァルナ,牡3,56,横山典,01:22.3,1.1/4,5,14.4,34.4,3月2日,栗東寺島,476(-2)
8,6,6,セイウンパワフル,牡3,56,ミナリ,01:22.4,3月4日,9,69,34,5月6日,美浦斎藤誠,478(0)
9,5,5,コスモリモーネ,牡3,56,丹内,01:22.7,1.3/4,10,182.8,34.1,7月7日,美浦高橋裕,498(0)
10,3,3,プリンスチャーム,牡3,56,田辺,01:22.9,1.1/4,8,29.5,34.1,9月9日,美浦栗田,448(+2)
1,5,8,インビジブルレイズ,牡6,56,マーフ,01:59.1,,8,17.1,34.2,2007/7/5,栗東吉村,462(-6)
2,7,12,マイネルサーパス,牡4,56,丹内,01:59.2,3月4日,9,30.8,34.2,2007/7/7,美浦高木,480(-2)
3,6,9,レッドガラン,牡5,56,Ｍデム,01:59.2,クビ,5,11.9,33.7,2013/12/14,栗東安田隆,514(+4)
4,4,5,ゴーフォザサミット,牡5,57,北村宏,01:59.2,アタマ,3,6.7,34.5,2004/3/3,美浦藤沢和,508(+8)
5,8,14,アイスストーム,牡5,56,武豊,01:59.4,3月4日,4,7.2,34,14-14-12,栗東吉村,524(-6)
6,5,7,サトノワルキューレ,牝5,55,石川,01:59.5,3月4日,12,55.8,34.7,2005/5/5,栗東角居,462(+2)
7,2,2,ダイワキャグニー,牡6,58,内田博,01:59.7,1,1,3.4,35.3,2001/1/1,美浦菊沢,508(0)
8,6,10,ミライヘノツバサ,牡7,56,木幡巧,01:59.7,クビ,14,265.8,34.5,2007/9/10,美浦伊藤大,500(+2)
9,7,11,フランツ,牡5,56,ルメー,01:59.8,クビ,2,3.5,34.4,2012/12/12,栗東音無,438(+2)
10,1,1,ロードヴァンドール,牡7,57,横山和,01:59.9,1月2日,11,41,34.9,2005/5/7,栗東昆,506(-2)
11,3,4,ドミナートゥス,牡5,56,大野,01:59.9,ハナ,7,15.6,35.4,2002/2/2,栗東宮本,488(+12)
12,4,6,マイネルハニー,牡7,58,石橋脩,02:00.0,3月4日,10,31.3,35.3,2003/3/3,美浦栗田,484(+2)
13,3,3,カヴァル,牡5,56,津村,02:00.0,クビ,6,13.8,34.8,2010/9/10,美浦勢司,506(0)
14,8,13,エンジニア,牡7,56,田辺,02:00.1,1月2日,13,126.7,35,2010/9/9,美浦牧,486(+4)
1,3,5,ドナアトラエンテ,牝4,54,マーフ,01:47.2,,1,2.3,34.3,2002/2/2,美浦国枝,448(+10)
2,4,7,ミトロジー,牡4,56,丸山,01:47.5,1.3/4,4,7.7,34.4,2003/3/3,美浦尾関,486(+6)
3,6,10,マイネルミュトス,牡4,56,丹内,01:47.5,クビ,7,20.9,33.5,2013/12/13,美浦鹿戸,474(+2)
4,8,14,キタサンバルカン,牡4,56,北村宏,01:47.7,1.1/4,2,5.2,34.1,2008/9/9,美浦奥村武,440(+12)
5,7,13,カナロアガール,牝4,54,田辺,01:47.7,クビ,5,13.2,33.6,15-14-13,美浦田村,468(-2)
6,2,3,レローヴ,牝6,55,横山和,01:47.8,クビ,14,307.8,34.4,2008/6/7,美浦黒岩,510(+4)
7,5,8,イサク,牡4,56,津村,01:47.9,1月2日,3,5.9,34.6,2007/6/6,美浦岩戸,476(+2)
8,8,15,スズカノロッソ,牡5,56,☆野中,01:47.9,クビ,11,50.1,34,2012/12/12,美浦小島,494(+6)
9,4,6,シトラスクーラー,セ7,57,大野,01:48.0,1月2日,8,24.4,34.3,2008/9/10,美浦高木,458(-4)
10,6,11,コスモアイトーン,牡4,56,木幡巧,01:48.6,3.1/2,15,349.5,35.2,2003/6/7,美浦佐藤,472(+4)
11,3,4,グレンフィナン,セ5,57,ミナリ,01:48.7,1月2日,9,25.9,35.5,2003/3/3,美浦鹿戸,488(+10)
12,7,12,リーゼントシャルフ,牡6,57,松岡,01:48.7,クビ,13,295.2,35,2011/9/10,美浦林,476(0)
13,5,9,オールステリーナ,牝5,55,武藤,01:48.9,1.1/2,12,99.4,34.6,13-15-15,美浦松山,464(-34)
14,2,2,アイスブラスト,牡4,56,吉田豊,01:49.0,1月2日,6,14.5,35.8,2003/3/3,美浦戸田,490(0)
15,1,1,コスモミローディア,牡4,56,宮崎,01:49.7,4,10,43.6,36.8,2001/1/1,美浦清水英,460(+8)
1,6,11,ダイチヴィット,牡3,56,江田照,01:27.5,,6,20.7,36.7,6月6日,美浦竹内,456(+4)
2,7,13,トーセンリヤン,牡3,56,横山和,01:28.0,3,5,11.1,37.5,4月3日,美浦池上,442(-4)
3,3,5,グローサーベア,セ3,56,津村,01:28.1,3月4日,2,5.9,36.8,10月13日,美浦矢野,466(-6)
4,5,9,クァンタムリープ,牡3,54,△木幡育,01:28.3,1,7,21.3,37.9,2月2日,美浦鹿戸,474(-2)
5,2,2,ドロス,牡3,56,ルメー,01:28.3,クビ,1,1.9,37.9,1月1日,美浦新開,490(-10)
6,8,14,チェリーガイア,牝3,53,☆野中,01:28.7,2.1/2,9,73.2,38.2,2月3日,美浦小西,462(-2)
7,2,3,トーセンレビュー,牡3,56,木幡巧,01:29.0,2,10,115.2,37.9,10月8日,美浦松永康,514(0)
8,1,1,マロンジェム,牡3,56,内田博,01:29.1,1月2日,8,25.3,38.4,6月6日,美浦稲垣,488(+12)
9,4,6,フィーバス,牡3,56,ミナリ,01:29.8,4,4,7.2,39.2,4月5日,美浦田中剛,476(+8)
10,6,10,パレット,牝3,54,北村宏,01:29.8,アタマ,13,205.6,38.7,9月8日,美浦黒岩,448(+4)
11,7,12,キタノタカワシ,牡3,56,吉田豊,01:30.0,1,12,180.1,38.6,10月10日,美浦土田,458(+8)
12,5,8,エバーバリュー,牝3,54,松岡,01:30.0,クビ,15,249.9,38.2,13-14,美浦小島,386(+6)
13,4,7,キンバリープロセス,牡3,56,石橋脩,01:30.3,2,3,6,38.2,15-15,美浦手塚,490(-14)
14,8,15,スタニングビスタ,牝3,54,武藤,01:30.7,2.1/2,14,240.8,39.2,8月13日,美浦武藤,448(0)
15,3,4,ネイチャーローズ,牡3,56,井上,01:30.7,ハナ,11,155.3,39.3,10月10日,美浦根本,468(+12)
1,8,15,ヤマノマタカ,牡3,56,石川,02:16.6,,1,3.2,38.4,3-3-2-2,美浦相沢,464(-4)
2,1,1,ショウナンアクア,牡3,56,吉田豊,02:16.9,1.3/4,3,6.2,37.6,9-12-12-11,美浦古賀史,474(+2)
3,4,7,セイウンカゲロウ,牡3,56,松岡,02:17.4,3,6,11.8,38.2,7-9-9-8,美浦奥平,496(+2)
4,2,4,スウィング,牡3,56,ミナリ,02:17.4,ハナ,2,4.2,38.5,9-9-6-5,美浦高柳瑞,478(+2)
5,7,14,クラウンマハロ,牡3,54,△木幡育,02:18.4,6,9,20,38.2,14-16-15-15,美浦尾形,504(-6)
6,8,16,ディヒター,牡3,56,武藤,02:18.4,クビ,5,11.5,39.3,5-5-6-8,美浦林,518(+6)
7,7,13,グラスフレイバー,牡3,56,坂井,02:18.5,1月2日,14,69.2,40.4,2-2-2-2,美浦松永康,470(0)
8,5,10,ゲンキチボン,牡3,56,佐藤友,02:18.5,ハナ,11,48.9,38.7,14-14-14-13,美浦堀井,468(-4)
9,3,6,ソルメンシス,牡3,56,田辺,02:18.6,3月4日,4,11.4,40.2,13-8-4-4,美浦菊川,496(+8)
10,3,5,ニシノゼノビア,牝3,54,岩部,02:18.6,クビ,16,261.1,39.4,9-9-9-8,美浦萱野,458(-4)
11,6,11,キラークイーン,牝3,54,北村宏,02:19.4,5,13,53.9,40.5,9-5-4-5,美浦久保田,442(-2)
12,1,2,ユーアーマイソウル,牡3,56,嘉藤,02:19.8,2.1/2,8,17,41.7,1-1-1-1,美浦伊藤伸,488(+2)
13,4,8,ドラゴンウォリアー,牡3,56,木幡巧,02:20.4,3.1/2,7,13.4,40.8,5-5-11-12,美浦岩戸,504(0)
14,6,12,ニシノストロング,牡3,55,☆野中,02:20.5,3月4日,15,160.3,40.7,14-12-13-13,美浦小島,490(-6)
15,2,3,コスモコンクエスト,牡3,56,宮崎,02:20.8,1.3/4,10,40.2,42,3-3-6-5,美浦宗像,504(-1)
16,5,9,キズナビーム,牡3,56,横山和,02:27.2,大,12,52.2,45.6,7-14-16-16,美浦鈴木伸,524(-6)
1,1,2,アヴァニイ,牝3,54,ルメー,01:38.8,,2,3.8,37.7,9月8日,美浦加藤征,514(-4)
2,3,6,クールマキシマム,牝3,54,嘉藤,01:39.0,1.1/4,3,8,38.2,8月5日,美浦奥平,478(+2)
3,4,8,ディンブラ,牝3,53,☆野中,01:39.2,1.1/4,8,25.6,39,2月2日,美浦上原,478(+2)
4,2,3,ナーラック,牝3,53,☆菊沢,01:40.0,5,9,47.7,38.5,12月11日,美浦柄崎,444(+2)
5,2,4,ヤマトホープシップ,牝3,54,石橋脩,01:40.2,1.1/4,10,48,37.6,15-15,美浦田村,460(+2)
6,3,5,シャンボールロッソ,牝3,54,丸山,01:40.2,ハナ,7,19.1,39.4,5月5日,美浦武藤,432(+6)
7,7,14,ナスノフォルテ,牝3,54,マーフ,01:40.3,1月2日,1,2.1,39.9,3月3日,美浦武井,472(0)
8,8,16,ヒラボクハーツ,牝3,54,福永,01:40.3,クビ,11,65.7,39.9,3月3日,美浦大竹,476(-2)
9,1,1,タマノシュシュ,牝3,54,田辺,01:40.6,1.1/2,5,13.7,39.4,10月9日,美浦菊川,424(-2)
10,5,9,クーレクー,牝3,54,木幡巧,01:41.0,2.1/2,4,10.4,40.9,1月1日,美浦伊藤大,460(+4)
11,5,10,キャツクレードル,牝3,52,△木幡育,01:41.1,1月2日,12,142.2,39.4,10月12日,美浦佐藤,442(-10)
12,6,11,スピランセス,牝3,54,石川,01:41.1,クビ,13,308.9,39,14-14,美浦田村,444(-4)
13,8,15,ピュアハート,牝3,54,横山和,01:41.2,3月4日,14,343.1,40.3,6月5日,美浦杉浦,498(-6)
14,6,12,ペイシャフレンチ,牝3,54,井上,01:41.3,クビ,16,535.7,38.5,16-16,美浦高橋博,476(-4)
15,4,7,アネモネテソーロ,牝3,54,江田照,01:41.6,2,6,15.3,40.3,6月9日,美浦高木,476(-4)
16,7,13,テイエムロング,牝3,54,武士沢,01:44.4,大,15,478.6,42.7,12月12日,美浦石栗,412(0)
1,5,10,コラルノクターン,牡3,56,福永,01:40.6,,1,2.7,36.5,5月4日,栗東藤原英,510(0)
2,1,1,トミケンレゲンダ,牡3,56,石橋脩,01:40.9,1.3/4,9,26.4,37.1,1月1日,美浦大和田,464(0)
3,8,15,ティラミス,牝3,54,Ｍデム,01:41.7,5,5,8.1,37.6,9月4日,栗東安田隆,458(0)
4,5,9,キタサンロッキー,牡3,56,北村宏,01:41.8,クビ,2,6.4,38,2月2日,栗東清水久,498(0)
5,3,6,オウケンロジータ,牝3,54,武士沢,01:42.0,1.1/2,13,173.8,37.4,11月11日,栗東藤岡,508(0)
6,4,7,ムーンレース,牡3,56,坂井,01:42.2,1,4,7.9,37.7,11月9日,栗東高柳大,514(0)
7,2,4,トーセンライブ,牡3,54,△木幡育,01:42.6,2.1/2,7,11,37.7,15-13,美浦尾形,504(0)
8,7,14,プラズマテイル,牝3,54,嘉藤,01:43.0,2.1/2,10,34.4,38.9,5月4日,美浦大和田,414(0)
9,8,16,フルオブウィット,牡3,56,ミナリ,01:43.1,1月2日,6,10.9,39,7月4日,美浦池上,492(0)
10,6,12,キタサンレイワ,牝3,54,石川,01:44.0,5,11,62.9,39.9,3月4日,美浦小笠,522(0)
11,6,11,シルヴァーミリオン,牡3,56,武豊,01:44.0,クビ,3,7.9,40.1,3月2日,栗東鈴木孝,452(0)
12,3,5,オーサムパッション,牡3,56,横山典,01:44.1,1月2日,8,16.4,39.5,9月11日,美浦斎藤誠,498(0)
13,7,13,レジュノア,牝3,54,木幡巧,01:44.6,3,16,306.6,40.1,8月9日,美浦杉浦,444(0)
14,2,3,ドントクライマリア,セ3,56,井上,01:44.8,1.1/4,14,198.7,39.9,11月13日,美浦林,444(0)
15,1,2,チャンピオンフジ,牡3,55,☆菊沢,01:46.0,7,12,137.4,40.8,11月15日,美浦勢司,528(0)
16,4,8,キエンセラ,牡3,56,松岡,01:47.0,6,15,297.6,41.9,16-15,美浦堀井,442(0)
1,2,4,マイネルブラシウス,牡3,56,津村,01:47.3,,4,7.2,34.3,2004/3/3,美浦尾関,488(+24)
2,4,7,ラザフォード,牝3,54,ルメー,01:47.4,3月4日,1,3.8,34.6,2002/2/2,美浦藤沢和,444(-2)
3,6,11,ダイワミラクル,牡3,56,北村宏,01:47.9,3,5,7.3,33.8,2009/10/10,美浦鹿戸,500(-2)
4,1,1,コスモストライカー,牡3,54,石橋脩,01:48.0,3月4日,7,11.5,35.3,2001/1/1,美浦加藤士,478(0)
5,8,16,ドリームメッセージ,牡3,56,丸山,01:48.3,2,6,8.4,34,2012/12/12,美浦中川,444(0)
6,7,14,ルカ,牡3,56,マーフ,01:48.5,1,2,4.6,34.7,2008/10/9,美浦戸田,490(-2)
7,5,10,ブライドグルーム,牡3,56,ミナリ,01:48.6,3月4日,8,13.6,35,2004/8/8,美浦堀,452(+2)
8,1,2,テイエムクロホマレ,牡3,56,嘉藤,01:49.3,4,13,319.2,36,2009/6/5,美浦石栗,472(+4)
9,6,12,ラストエクセル,牝3,54,Ｍデム,01:49.6,2,3,6.1,36.3,2004/6/5,美浦伊藤大,436(-10)
10,7,13,ベルウッドアサヒ,牡3,56,吉田豊,01:49.8,3月4日,10,98,35.2,14-15-14,美浦武市,440(-12)
11,3,6,ホウオウマライア,牝3,54,木幡巧,01:49.9,1月2日,11,178.3,35.5,2012/12/13,美浦牧,436(0)
12,3,5,ゼンダンスネーク,牝3,54,横山和,01:49.9,ハナ,12,273.1,36.6,2009/3/5,美浦土田,456(-10)
13,8,15,ジツリキニコマル,牝3,54,武士沢,01:49.9,ハナ,15,411,35.4,14-14-14,美浦稲垣,440(-14)
14,4,8,フィーユレヴーズ,牝3,54,福永,01:50.0,3月4日,9,31.3,37,2002/3/3,美浦斎藤誠,442(+2)
15,2,3,ファイナルブション,牝3,54,宮崎,01:50.5,3,16,487.3,35.3,16-16-16,美浦青木,430(-8)
16,5,9,ディムッター,牝3,54,江田照,01:53.7,大,14,359.3,39.7,2004/8/10,美浦佐藤,458(0)
1,6,11,オーロアドーネ,牡3,56,マーフ,01:35.3,,1,2.9,34.4,5月4日,美浦戸田,486(0)
2,7,14,イルミナル,牝3,54,石橋脩,01:35.6,2,3,8.6,34,13-13,美浦奥村武,418(0)
3,7,13,レッドルピナス,牝3,54,北村宏,01:35.6,ハナ,2,3.3,34.6,5月7日,栗東中内田,416(0)
4,6,12,ブレイクザボーダー,牡3,56,佐藤友,01:35.8,1.1/4,10,28.1,35.1,2月2日,美浦畠山,476(0)
5,1,2,キタノポケット,牝3,53,☆菊沢,01:36.3,3,13,95.2,34.8,10月10日,美浦深山,382(0)
6,5,9,ラインシュプール,牝3,54,武士沢,01:36.6,1.3/4,7,17.2,34.8,15-14,美浦水野,410(0)
7,3,6,ランジョウ,牝3,54,坂井,01:36.6,ハナ,5,11.2,35.4,8月8日,美浦矢野,434(0)
8,2,4,エイシンジャスミン,牝3,54,石川,01:36.7,クビ,4,11.1,35.8,5月4日,栗東大久保,434(0)
9,1,1,ゲンパチビーム,牡3,56,岩部,01:36.7,ハナ,15,169.9,34.9,13-14,美浦萱野,416(0)
10,4,8,ジュネス,牝3,54,吉田豊,01:36.9,1.1/2,11,34.4,35.7,8月8日,美浦本間,500(0)
11,8,15,シゲルパック,牝3,54,江田照,01:37.6,4,6,14.6,36.1,10月10日,美浦田中清,498(0)
12,3,5,ナムラサバイバー,牡3,56,横山和,01:37.7,1月2日,8,27.2,36.2,10月10日,美浦石栗,462(0)
13,4,7,シュライクス,牡3,56,嘉藤,01:37.8,1月2日,9,27.9,37.2,1月1日,美浦水野,426(0)
14,2,3,サクヤコノハナ,牝3,54,柴田善,01:38.4,3.1/2,12,59.9,37.5,3月4日,美浦粕谷,422(0)
15,8,16,ワイアヴィー,牝3,54,木幡巧,01:39.6,7,16,269.4,38.9,3月2日,美浦岩戸,426(0)
16,5,10,キューティーカノン,牝3,53,☆野中,01:41.3,大,14,108.7,38.1,16-16,美浦星野,432(0)
1,2,4,ゴールドスミス,セ6,57,武豊,02:14.8,,2,4,37.4,1-1-1-1,美浦高柳瑞,524(0)
2,4,7,エグジットラック,牡6,57,江田照,02:14.9,1月2日,11,36.9,36,16-16-15-16,美浦田村,520(-8)
3,6,12,トランスポーター,牡4,56,吉田豊,02:15.0,3月4日,10,33.5,37.5,2-2-2-2,美浦戸田,494(-2)
4,7,13,ニューツーリズム,牡4,56,Ｍデム,02:15.2,1.1/4,4,7.6,37.5,3-3-3-3,美浦黒岩,508(+6)
5,3,6,ドーバーテソーロ,牡4,56,田辺,02:15.3,3月4日,7,22.4,37.3,9-9-10-7,美浦奥平,486(-4)
6,8,16,ジェイケイエース,牡4,56,丸山,02:15.6,2,5,8.9,37.7,8-6-6-6,美浦松永康,548(+6)
7,4,8,ロジポルカ,牡4,56,内田博,02:15.7,クビ,6,13.4,37.1,14-14-15-13,美浦菊沢,468(0)
8,5,10,ボヘミアラプソディ,牡4,56,ルメー,02:15.7,アタマ,1,3.4,37.1,14-14-14-13,美浦伊藤圭,488(+10)
9,3,5,ユメノサキ,牡5,57,福永,02:15.9,1.1/4,3,7,38.2,3-3-3-3,美浦新開,554(-2)
10,8,15,ヤマニンバンタジオ,セ6,57,嘉藤,02:16.3,2.1/2,14,84.5,38.1,12-12-12-11,美浦田島,540(-4)
11,2,3,フクサンダーク,牡4,55,☆野中,02:16.4,1月2日,8,25,38.1,9-9-10-11,美浦小西,494(-2)
12,1,2,ゴールデンフィジー,牝5,55,木幡巧,02:16.4,ハナ,12,41.7,38.4,6-6-6-7,美浦牧,440(+4)
13,6,11,アララトテソーロ,牡4,56,武藤,02:16.5,クビ,13,51.8,38.4,6-6-8-7,美浦和田雄,490(+4)
14,5,9,シャイニーロケット,牡5,57,柴田善,02:17.1,3.1/2,16,126.6,38.6,12-12-13-13,美浦佐藤,464(+2)
15,7,14,ベルゲンハーバー,牡4,56,ミナリ,02:17.2,3月4日,9,27.5,39.2,11-9-8-7,美浦斎藤誠,466(+10)
16,1,1,ウイニングメイビー,牡4,56,北村宏,02:17.7,3,15,117.4,40,3-3-3-3,美浦稲垣,482(-6)
1,5,10,フローラルパーク,牝4,55,武豊,01:24.7,,1,5.7,36.4,2月2日,美浦加藤征,490(-4)
2,2,4,コーラルプリンセス,牝6,55,丸山,01:24.7,アタマ,6,8.5,36.1,4月4日,美浦高橋裕,532(+2)
3,8,15,ボンディマンシュ,セ4,57,坂井,01:24.8,3月4日,3,6.5,36.2,4月4日,栗東中内田,490(+4)
4,7,13,エピックアン,牡5,57,田辺,01:24.9,クビ,5,6.8,35.5,12月14日,美浦大和田,506(-8)
5,6,11,アオイサンシャイン,牝7,55,マーフ,01:25.0,1月2日,7,9.7,36.7,3月2日,美浦古賀慎,524(-4)
6,5,9,ハヤブサレジェンド,牡5,56,☆菊沢,01:25.1,3月4日,10,19.4,36.9,1月1日,美浦伊藤圭,506(+4)
7,3,5,ベイオブコトル,牡4,57,福永,01:25.2,1月2日,2,5.7,36.4,7月7日,美浦高柳瑞,444(+2)
8,8,16,ニシノジャガーズ,牡5,57,岩部,01:25.3,1月2日,4,6.7,35.5,16-16,美浦萱野,494(0)
9,1,2,クレディブル,牡5,57,ルメー,01:25.4,クビ,8,13.2,36.2,12月10日,美浦萩原,510(0)
10,4,8,テキスタイルアート,セ8,57,北村宏,01:25.4,クビ,16,201.6,35.9,12月13日,美浦加藤和,494(+12)
11,7,14,ワンダープラヤアン,牡6,56,☆野中,01:25.4,ハナ,14,168.3,36.2,10月10日,栗東森田,486(-6)
12,4,7,ミッキーボニータ,セ5,57,横山典,01:25.5,クビ,11,55.4,36,14-13,美浦萩原,452(-2)
13,1,1,サンタナブルー,牡8,57,川須,01:25.9,2.1/2,15,176.1,37,10月7日,美浦和田雄,488(+12)
14,6,12,モリトシラユリ,牝6,53,△木幡育,01:26.2,2,12,86.2,37.4,7月7日,美浦堀井,486(-8)
15,2,3,コールドターキー,牡5,57,Ｍデム,01:29.2,大,9,17.2,40.6,4月4日,美浦佐藤,470(-4)
16,3,6,ヘニッヒ,セ4,57,内田博,01:29.2,クビ,13,165.4,39.6,7月13日,美浦武井,468(+14)
1,8,13,ショウナンハレルヤ,牝3,54,丸山,01:47.2,,10,99.4,34.1,2002/2/2,美浦矢野,456(-2)
2,2,2,アオイクレアトール,牡3,56,武豊,01:47.4,1.1/4,4,5.7,34.1,2003/3/4,美浦古賀慎,474(+12)
3,4,4,セントオブゴールド,牡3,56,ルメー,01:47.5,1月2日,2,4.4,33.7,2010/11/11,美浦木村,466(+26)
4,7,11,ヴァルコス,牡3,56,マーフ,01:47.5,アタマ,3,4.7,34.2,2006/6/4,栗東友道,500(+6)
5,3,3,ルビーカサブランカ,牝3,54,福永,01:47.6,1月2日,6,11.3,34.1,2007/7/7,栗東須貝,462(-2)
6,7,10,ウインカーネリアン,牡3,56,松岡,01:47.6,ハナ,5,10.9,34.6,2001/1/1,美浦鹿戸,478(-8)
7,1,1,フォースオブウィル,牡3,56,宮崎,01:47.6,クビ,7,18.3,34.3,2003/3/4,美浦粕谷,458(+2)
8,4,5,ラグビーボーイ,牡3,56,北村宏,01:47.7,クビ,8,53.1,34.2,2007/7/7,美浦勢司,494(-10)
9,5,7,サトノフウジン,牡3,56,石橋脩,01:47.8,1月2日,1,2.8,34.1,2012/11/11,美浦堀,470(0)
10,5,6,マイネルソラス,牡3,56,津村,01:48.2,2.1/2,9,71.1,34.1,12-13-13,美浦和田郎,470(0)
11,6,9,ナーリー,牡3,56,佐藤友,01:48.8,3.1/2,13,322.2,35.6,2003/3/3,地方井上孝,462(-9)
12,6,8,タイムマシン,牡3,56,ミナリ,01:50.1,8,11,137.5,36.6,2010/10/7,美浦手塚,446(+4)
13,8,12,コスモスタック,牡3,56,野中,01:50.2,3月4日,12,179.9,36.7,2007/7/7,美浦堀井,456(0)
1,7,10,ボスジラ,牡4,55,武豊,02:24.7,,1,3.3,34.1,9-8-7-7,美浦国枝,516(-2)
2,3,3,サンアップルトン,牡4,55,柴田善,02:24.7,クビ,5,8.6,34.1,5-5-7-7,美浦中野,472(+18)
3,6,8,トラストケンシン,牡5,56,マーフ,02:25.0,1.1/2,2,3.7,34.6,3-3-4-5,美浦高橋文,476(+4)
4,4,5,マコトガラハッド,セ7,54,ミナリ,02:25.3,2,10,80.2,34.9,4-3-4-5,栗東鮫島,492(-8)
5,2,2,ヘリファルテ,牡6,56,ルメー,02:25.3,クビ,4,7.1,34.4,6-8-9-9,美浦堀,492(+18)
6,4,4,ベイビーステップ,牡6,55,武藤,02:25.4,クビ,9,25.4,34.5,11-11-10-9,美浦菊川,492(+2)
7,8,13,グランドサッシュ,牡9,54,津村,02:25.5,1月2日,11,141.7,34.4,10-10-10-12,美浦武市,472(0)
8,6,9,ミスマンマミーア,牝5,53,福永,02:25.7,1.1/4,6,11.7,35.5,6-5-4-3,栗東寺島,456(-4)
9,5,7,エクセレントミスズ,牡7,53,内田博,02:25.9,1.1/4,12,224.3,34.7,12-12-13-12,栗東藤沢則,454(-14)
10,8,12,ホウオウドリーム,牡6,57,吉田豊,02:25.9,ハナ,8,16.7,34.9,12-12-12-11,栗東矢作,508(-14)
11,5,6,ミッキーバード,牡5,54,横山典,02:25.9,ハナ,3,6.4,35.7,2-2-3-3,美浦尾関,522(-8)
12,1,1,エストスペリオル,牡5,54,Ｍデム,02:26.7,5,7,14.6,36.6,6-5-2-2,美浦堀,456(0)
13,7,11,オウケンブラック,牡9,52,北村宏,02:27.2,3,13,313,39,1-1-1-1,美浦田中剛,488(+6)
1,6,11,モズアスコット,牡6,58,ルメー,01:22.7,,3,9.9,34.7,9月8日,栗東矢作,494(-4)
2,3,5,コパノキッキング,セ5,58,マーフ,01:22.9,1.1/4,1,1.9,35.6,2月2日,栗東村山,482(-2)
3,4,7,スマートアヴァロン,牡8,56,石橋脩,01:23.1,1,9,39,34.6,12月12日,栗東西園,512(-4)
4,8,15,ダノンフェイス,牡7,56,田辺,01:23.2,3月4日,5,11.8,35.3,5月6日,栗東大久保,534(-4)
5,3,6,ワイドファラオ,牡4,58,福永,01:23.2,アタマ,4,10.1,35.5,4月4日,栗東角居,508(+6)
6,1,1,テーオージーニアス,牡5,56,川須,01:23.4,1.1/4,7,25.6,35.4,8月8日,栗東梅田,508(+4)
7,5,10,ノボバカラ,牡8,56,内田博,01:23.4,クビ,15,299.3,35.1,9月10日,栗東森,510(-10)
8,2,4,ワンダーリーデル,牡7,57,横山典,01:23.5,1月2日,6,12.6,34.7,12月13日,栗東安田翔,530(-2)
9,4,8,ブルベアイリーデ,牡4,56,丸山,01:23.6,1月2日,8,34,35.2,11月10日,栗東杉山,492(+6)
10,5,9,カフジテイク,牡8,56,津村,01:23.6,クビ,11,60.9,34.6,14-14,栗東湯窪,500(-6)
11,2,3,ミッキーワイルド,牡5,56,Ｍデム,01:24.0,2.1/2,2,4.9,36.2,5月5日,栗東安田隆,514(+8)
12,6,12,アードラー,牡6,56,ミナリ,01:24.0,ハナ,12,97.4,34.9,14-14,栗東音無,482(-6)
13,1,2,テーオーヘリオス,牡8,56,石川,01:24.2,1.1/4,14,266.3,36.3,5月6日,栗東梅田,520(-2)
14,8,16,ドリームキラリ,牡8,56,坂井,01:24.3,3月4日,10,41.2,37,1月1日,栗東矢作,488(-6)
15,7,13,ヨシオ,牡7,56,佐藤友,01:24.7,2.1/2,13,134.9,37.2,3月3日,栗東森,486(-4)
16,7,14,サングラス,牡9,56,北村宏,01:24.7,ハナ,16,387.2,35.3,16-16,栗東谷,508(-4)
1,6,6,エクセランフィーユ,牝4,54,マーフ,01:47.8,,1,2.8,33.2,2001/1/1,美浦木村,422(+16)
2,8,9,ダディーズマインド,牡4,56,宮崎,01:47.9,1月2日,5,8.8,33.1,2002/2/2,美浦青木,496(+24)
3,4,4,トーセングラン,牡4,56,横山和,01:48.2,2,2,3.7,33.1,2004/5/5,美浦田村,436(+4)
4,7,8,エピックスター,セ5,57,田辺,01:48.3,1月2日,4,7.6,33.2,2006/7/5,美浦田村,438(0)
5,3,3,ショウナンバビアナ,牝4,54,吉田豊,01:48.4,1月2日,6,9.5,33.5,2003/3/3,美浦上原,476(-2)
6,1,1,エニグマバリエート,牡8,57,坂井,01:48.7,2,9,144.5,33.6,2006/6/5,美浦戸田,494(0)
7,2,2,エターナルヴィテス,牡4,56,田中勝,01:49.1,2,7,12.7,33.8,2008/7/8,美浦松山,492(+4)
8,5,5,タニノホウザン,牡6,57,武士沢,01:49.4,2,10,290.6,33.9,2010/10/10,美浦星野,472(+1)
9,7,7,エフティスパークル,牡7,57,Ｍデム,01:49.4,ハナ,8,19.2,34,2009/9/8,美浦鹿戸,468(-4)
10,8,10,キングテセウス,牡4,56,ルメー,01:49.6,1.1/4,3,6.8,34.7,2004/3/3,美浦木村,516(-2)
1,7,13,トリプルシックス,牝3,54,横山和,01:19.6,,3,8.3,37.4,2月2日,美浦古賀史,468(+2)
2,1,2,ヨシオドライヴ,牡3,56,大庭,01:19.7,3月4日,7,16,36.5,9月9日,美浦清水英,490(-6)
3,4,7,ダイシンウィット,牡3,56,津村,01:19.9,1.1/2,2,5.7,37.8,1月1日,美浦小笠,498(-2)
4,2,4,スズカキングボス,牡3,56,内田博,01:20.0,クビ,1,2,37.8,2月2日,美浦田中剛,462(-4)
5,5,9,ニーケススマイル,牡3,56,松岡,01:20.3,2,4,9.8,37.9,5月4日,美浦蛯名,458(0)
6,1,1,ヤサカパフィー,牝3,54,武藤,01:20.8,3,6,12,38.4,4月4日,美浦水野,472(+4)
7,4,8,ゴラッソゴール,牡3,56,田辺,01:20.9,1月2日,8,28.4,37,12月12日,美浦武市,470(+4)
8,5,10,スイスライツ,牡3,56,江田照,01:21.2,1.3/4,5,10.3,38.8,5月4日,美浦竹内,462(-2)
9,3,5,ローズブランシェ,牝3,54,武士沢,01:21.3,1月2日,11,84.5,38.5,8月7日,美浦小桧山,436(-8)
10,3,6,ビッグセント,牡3,56,北村宏,01:21.3,アタマ,13,226.8,37.8,10月10日,美浦田中清,452(+4)
11,2,3,シゲルナガレボシ,牝3,53,☆菊沢,01:21.7,2.1/2,12,118.3,38.8,7月7日,美浦浅野,450(+6)
12,8,16,ダンブルドア,牡3,56,嘉藤,01:21.7,ハナ,10,46.5,37.4,14-14,美浦田中清,534(+4)
13,6,12,レイニーウェイ,牡3,56,大野,01:22.2,3,9,33.4,38.5,10月11日,美浦田島,456(+4)
14,6,11,ナックライオン,牡3,54,△木幡育,01:22.2,クビ,14,321.1,38,12月13日,美浦杉浦,524(+3)
14,8,15,クンクンクン,牝3,54,岩部,01:22.2,クビ,15,381.3,36.6,16-16,美浦加藤和,438(-4)
16,7,14,ゴーイングヒーロー,牡3,56,宮崎,01:22.5,1.3/4,16,472.7,38.1,14-14,美浦松山,422(+14)
1,5,10,レッチェバロック,牝3,54,ルメー,01:25.1,,1,2.1,36.9,1月1日,美浦藤沢和,484(0)
2,6,12,プレシャスガール,牝3,54,津村,01:27.1,大,2,2.5,38.4,4月4日,栗東藤岡,458(0)
3,8,16,バルボア,牡3,56,横山和,01:27.8,4,8,42.6,39.4,3月2日,栗東飯田祐,476(0)
4,1,2,ニシノリーチキング,牡3,56,松岡,01:27.9,1月2日,3,7.4,39,5月5日,美浦松山,506(0)
5,7,14,ヤマタケヴォイス,牡3,56,岩部,01:28.3,2.1/2,4,15.2,39.9,2月2日,美浦萱野,478(0)
6,2,4,アイドルヲサガセ,牝3,54,田辺,01:28.4,3月4日,5,24.3,38.5,8月8日,美浦小西,446(0)
7,1,1,ポッシビリテ,牝3,54,江田照,01:29.0,3.1/2,10,64.5,39.6,7月7日,美浦田中剛,510(0)
8,8,15,サーブルルミエール,牡3,56,武藤,01:29.2,1.1/2,11,81.4,40.2,5月6日,美浦伊藤大,460(0)
9,3,5,ジネン,牡3,56,吉田豊,01:30.9,大,7,37.9,39.1,11月12日,栗東高橋忠,476(0)
10,4,7,スズカワッペン,牝3,53,☆野中,01:31.3,2.1/2,15,273.1,39.9,8月10日,美浦小島,390(0)
11,7,13,ノアエリザベス,牝3,54,武士沢,01:31.8,3,12,197.2,40.3,12月10日,美浦古賀史,416(0)
12,5,9,グラスエメラルダ,牝3,53,☆菊沢,01:32.0,1.1/2,9,54.4,39,14-14,美浦松山,418(0)
13,3,6,ヴォロンティエ,牝3,54,大野,01:32.0,ハナ,6,34.6,39,13-14,美浦小島,418(0)
14,6,11,ミニマムーン,牝3,54,内田博,01:32.0,クビ,14,225.8,39.2,14-13,美浦松山,428(0)
15,2,3,ハリスン,牡3,56,柴田未,01:32.7,4,13,216.1,41.5,8月9日,美浦和田雄,454(0)
16,4,8,ハピネスサンダー,牡3,56,伊藤,01:34.2,9,16,355.2,39.6,16-16,美浦本間,498(0)
1,3,5,カフェスペランツァ,牡3,56,北村宏,01:38.9,,6,13.8,37.2,4月4日,美浦中舘,502(+4)
2,8,16,ディーエスプルーフ,牡3,56,ルメー,01:39.6,4,1,3,37.7,7月7日,美浦伊藤圭,452(+4)
3,1,1,カッチョカバロ,牡3,56,石橋脩,01:39.7,3月4日,2,3.6,38.3,1月1日,美浦牧,496(+6)
4,8,15,サイモンルグラン,牡3,56,田辺,01:39.8,3月4日,3,5.7,37.9,10月7日,美浦勢司,494(-4)
5,7,14,アバグネイル,牡3,56,ミナリ,01:39.9,1月2日,5,9.7,37.7,10月10日,美浦手塚,506(+6)
6,6,12,トリトン,牡3,56,内田博,01:39.9,アタマ,4,7.1,38.3,4月4日,美浦古賀慎,510(+18)
7,2,3,セイカタチバナ,牡3,56,津村,01:40.0,クビ,13,81.7,38.1,7月7日,美浦南田,482(0)
8,1,2,コスモケルビン,牡3,56,木幡巧,01:40.5,3,11,64.2,39,2月2日,美浦佐藤,514(+28)
9,4,8,レベンディス,牡3,56,丸山,01:40.5,クビ,7,31,38.3,12月10日,美浦高柳瑞,502(-2)
10,3,6,セントガブリエル,牝3,53,☆菊沢,01:40.7,1,8,34.1,38.9,4月6日,美浦菊沢,448(-10)
11,5,10,イッツオーライト,牡3,56,柴田善,01:40.8,3月4日,9,39,38.3,13-13,美浦竹内,450(-6)
12,2,4,アカリリチャード,牡3,55,☆野中,01:41.6,5,16,280.3,39.2,13-13,美浦上原,472(0)
13,4,7,セイウンハテンコウ,牡3,56,武士沢,01:42.0,2.1/2,12,81,39.2,15-15,美浦武市,506(0)
14,5,9,ソルレオーネ,牡3,56,大野,01:42.3,2,10,56.1,40.8,2月2日,美浦大竹,486(-2)
15,7,13,ユニバーサルタイム,牡3,56,宮崎,01:42.5,3月4日,14,152.2,39.5,15-16,美浦中川,494(+2)
16,6,11,キタノリベラル,牡3,56,江田照,01:45.8,大,15,201,43.7,7月10日,美浦小笠,516(+10)
1,7,13,ムーランアンディゴ,牡3,56,大野,01:26.0,,1,2.2,36.8,8月8日,美浦田中博,486(+2)
2,4,7,カイアワセ,牝3,54,武士沢,01:26.1,3月4日,14,120.6,37,8月8日,美浦星野,436(-2)
3,3,4,テンサイドカップ,牝3,54,内田博,01:26.2,1月2日,8,21.3,37.3,5月5日,美浦矢野,466(0)
4,6,11,スズカコーズマンボ,牡3,56,北村宏,01:26.3,1月2日,5,13.2,36.4,15-15,美浦伊藤圭,476(+12)
5,6,10,ミツカネプリンス,牡3,56,津村,01:26.4,3月4日,11,27.2,37,12月11日,美浦鈴木伸,450(0)
6,5,8,ファイヴレター,牡3,55,☆菊沢,01:26.7,2,13,72.9,37.5,8月8日,美浦佐藤,448(+4)
7,3,5,プリンサン,牝3,54,武藤,01:26.8,クビ,15,166.3,37.4,12月11日,美浦伊藤圭,424(0)
8,1,1,ハヤブサペコムスメ,牝3,54,松岡,01:27.0,1.1/4,12,28.9,38.3,2月2日,美浦尾形,454(+2)
9,5,9,メイショウユリシス,牝3,54,柴田善,01:27.0,アタマ,4,9.9,37.3,14-14,栗東高橋亮,466(-2)
10,8,15,ナムラボス,牡3,56,丸山,01:27.2,1.1/2,10,25.6,38.8,1月1日,栗東羽月,460(+2)
11,8,14,サトノポーラスター,牡3,56,ミナリ,01:27.3,1月2日,3,9.1,38.7,2月2日,美浦大和田,512(-2)
12,4,6,ペイシャチャーム,牝3,54,横山和,01:27.4,クビ,7,17.4,38.4,5月5日,美浦高市,442(0)
13,7,12,アポロティアモ,牡3,56,石川,01:27.5,3月4日,2,6.4,38.5,5月5日,美浦岩戸,492(0)
14,2,3,ハディア,牡3,56,石橋脩,01:28.1,3.1/2,9,22,39.5,2月2日,美浦粕谷,468(+14)
15,2,2,セレンディピア,牡3,54,△木幡育,01:28.4,1.3/4,6,13.9,39.1,11月11日,美浦尾形,460(-2)
1,8,16,スパングルドスター,牝3,54,Ｍデム,01:49.3,,2,4.6,34.4,2004/4/2,美浦藤沢和,434(-10)
2,6,11,レッドペルーシュ,牝3,54,田中勝,01:49.3,クビ,11,79.7,33.7,14-13-13,美浦宗像,406(-2)
3,7,13,コトブキテティス,牝3,54,武藤,01:49.3,ハナ,1,2.4,33.8,2010/11/11,美浦田島,426(-6)
4,3,6,アプローズユウ,牝3,54,丸山,01:49.7,2.1/2,7,20.4,34.6,2006/6/5,美浦手塚,464(-6)
5,1,1,オウケンザパール,牝3,54,木幡巧,01:49.8,1月2日,14,149.2,34,16-15-15,美浦国枝,442(-2)
6,3,5,ガルナッチャ,牝3,54,横山和,01:49.8,ハナ,4,7,34.5,2010/8/8,美浦高市,438(-4)
7,6,12,カナワン,牝3,54,吉田豊,01:50.0,1,12,119.3,34.5,2010/11/11,美浦竹内,448(+10)
8,5,9,ソスピタ,牝3,53,☆野中,01:50.1,3月4日,3,5.6,35.1,2004/4/5,美浦畠山,428(-14)
9,4,8,デュアルネイチャー,牝3,54,内田博,01:50.1,クビ,10,45.9,35.1,2006/6/5,美浦国枝,440(-6)
10,8,15,ユースフルラヴ,牝3,54,津村,01:50.1,アタマ,8,34,34.9,2006/8/8,美浦田中博,412(-2)
11,2,4,ルレーヴドゥリリ,牝3,54,松岡,01:50.2,クビ,9,35.5,35,2006/8/8,美浦田中剛,486(+2)
12,7,14,パンゲア,牝3,54,北村宏,01:50.6,2.1/2,5,13.3,35.8,2001/3/2,美浦伊藤大,438(-4)
13,1,2,グロワールポン,牝3,54,柴田善,01:50.9,2,15,189.9,35,14-15-15,美浦田中清,474(-14)
14,2,3,セルフィーバイブス,牝3,53,☆菊沢,01:51.0,クビ,13,147.3,35.3,10-13-13,美浦国枝,448(+12)
15,4,7,デイジーテソーロ,牝3,52,△木幡育,01:51.3,2,16,272.6,36.4,2002/2/2,美浦畠山,414(-4)
16,5,10,リメインオブザデイ,牝3,54,石川,01:51.5,1.1/4,6,18.1,36.9,2002/1/1,美浦田島,402(+4)
1,2,2,エターナルボンド,牡3,56,田辺,02:27.2,,4,5.6,34.2,3-4-4-2,美浦伊藤圭,510(+2)
2,6,10,リアム,牡3,56,ルメー,02:27.5,1.3/4,1,2.3,34.6,10-2-2-2,美浦萩原,520(0)
3,5,9,ウシュバテソーロ,牡3,56,江田照,02:27.8,1.3/4,3,5.3,34.3,9-8-8-7,美浦高木,514(0)
4,1,1,ラインストリーム,牡3,56,武藤,02:28.5,4,8,32.9,34.9,13-13-11-10,美浦武藤,452(+2)
5,2,3,カランクール,牝3,54,吉田豊,02:28.5,ハナ,6,25.2,35.1,4-6-7-7,美浦粕谷,474(-2)
6,4,6,マイロングタイム,牡3,56,村田,02:28.6,1月2日,12,259.5,35.4,4-6-6-5,美浦藤原辰,450(-2)
7,6,11,ミスヒアリング,牝3,54,丸山,02:28.7,3月4日,10,55.4,35.5,2-2-4-5,美浦根本,514(+28)
8,4,7,ハーツシンフォニー,牡3,56,柴田善,02:29.1,2.1/2,2,5.2,35.5,10-11-11-10,美浦戸田,478(-2)
9,8,14,ケイアイタカプナ,牡3,56,大野,02:29.1,ハナ,9,45.5,36.2,6-4-3-2,美浦田村,462(0)
10,5,8,ハラハラドキドキ,牡3,55,☆野中,02:29.1,クビ,11,74.1,35.4,7-10-10-10,美浦久保田,452(0)
11,8,15,コスモタイシ,牡3,56,ミナリ,02:29.3,1.1/2,7,31.8,36.4,1-1-1-1,美浦高橋祥,468(+10)
12,3,5,ベリンダアン,牝3,54,Ｍデム,02:30.5,7,5,8.9,36.5,14-14-13-13,美浦大竹,420(-6)
13,7,13,スカッターガン,牡3,56,井上,02:31.2,4,14,402.9,37.8,7-8-8-7,美浦和田郎,526(0)
1,8,16,アポロチーター,牡4,57,木幡巧,01:19.6,,3,6.2,36.9,3月3日,美浦岩戸,530(0)
2,3,6,タイキメサイア,牡5,57,丸山,01:19.7,3月4日,4,7.4,36.9,7月4日,美浦高橋祥,514(0)
3,4,8,カーリングストーン,牡4,56,☆菊沢,01:19.8,1月2日,12,48.9,36.3,7月8日,美浦菊沢,470(+6)
4,5,9,バットオールソー,牡5,57,石橋脩,01:20.1,2,10,31.4,36.2,12月14日,美浦大和田,476(+8)
5,6,11,デルマカミカゼ,牡5,57,横山和,01:20.2,クビ,6,15.3,37,9月7日,美浦小野,466(+8)
6,7,13,フレンドアリス,牝5,55,柴田善,01:20.4,1,9,28.1,37.5,5月4日,美浦南田,464(0)
7,4,7,スポーカンテソーロ,牝4,55,江田照,01:20.4,クビ,7,18.1,36.9,9月8日,美浦加藤士,514(-12)
8,3,5,スパーダ,牡5,57,武藤,01:20.6,1.1/4,1,2.4,37.7,3月4日,美浦加藤士,496(-4)
9,8,15,ワールドイズマイン,牝4,55,Ｍデム,01:20.7,クビ,2,5.4,38.3,2月2日,美浦金成,458(+4)
10,1,1,ヤマニンシーベリー,牝6,54,☆野中,01:20.7,アタマ,15,215.2,36.9,11月12日,美浦黒岩,458(+2)
11,2,4,ガチコ,牝6,55,ミナリ,01:20.8,1月2日,5,15.2,36.7,16-15,美浦高橋文,482(+8)
12,6,12,バルトフォンテン,牡5,57,石川,01:21.4,3.1/2,11,34.8,37.8,11月10日,美浦高橋裕,516(+10)
13,2,3,ディアバビアナ,牝5,55,吉田豊,01:21.6,1.1/4,14,126.5,37.8,12月13日,美浦高橋裕,502(+26)
14,1,2,ゴールドタンバリン,牝5,53,△木幡育,01:21.9,1.3/4,13,81.8,37.8,14-15,美浦池上,428(-2)
15,7,14,ミユキメガバックス,牡4,57,内田博,01:22.0,3月4日,8,24.7,39.6,1月1日,美浦清水英,548(+1)
16,5,10,クリノジョヴァンナ,牝5,55,宮崎,01:27.8,大,16,364.9,44.2,5月10日,美浦蛯名,462(+6)
1,6,11,ゴールドフレーム,セ4,57,大野,01:38.5,,7,10.9,36.3,3月3日,美浦新開,478(0)
2,3,4,パイロテクニクス,セ4,57,ルメー,01:38.8,2,2,4.6,36.2,5月6日,美浦武藤,512(+8)
3,5,9,ロジギムレット,牡4,57,丸山,01:39.0,1,6,10.8,36.7,4月4日,美浦国枝,474(+16)
4,6,10,ライトカラカゼ,牡5,57,石川,01:39.2,1.1/4,4,5.7,36.5,5月6日,美浦相沢,474(-4)
5,8,15,オープンザウェイ,セ8,57,木幡巧,01:39.4,1,13,167.6,36.2,11月11日,美浦菊川,472(+4)
6,4,7,ヨクエロマンボ,セ7,57,横山典,01:39.4,クビ,3,5.6,36.1,11月13日,美浦藤原辰,468(0)
7,1,1,ドーファン,セ5,57,吉田豊,01:39.5,1月2日,8,38.6,36,12月13日,美浦中川,532(+12)
8,2,2,ブルーエクセレンス,牡4,57,津村,01:39.5,アタマ,1,3.9,37.1,5月4日,美浦金成,482(0)
9,8,14,デストロイ,牡6,57,Ｍデム,01:39.6,1月2日,5,6.6,36.6,9月9日,美浦高橋裕,524(+8)
10,5,8,アールグランツ,牡4,57,武藤,01:39.9,2,10,62.9,38,2月2日,美浦鈴木伸,476(+2)
11,3,5,クリスエステソーロ,牡5,57,江田照,01:40.0,3月4日,11,69.4,38.2,1月1日,美浦加藤士,512(0)
12,4,6,ヤサカリベルテ,牡4,57,柴田善,01:40.8,5,14,267.6,37.9,9月9日,美浦水野,464(+10)
13,2,3,サンマルライバル,牡6,57,嘉藤,01:41.0,1.1/4,15,374.3,38.3,8月6日,美浦佐藤,482(+10)
14,7,13,ジョイナイト,牡4,56,☆菊沢,01:45.7,大,12,113.7,40.9,15-15,美浦武市,502(+6)
15,7,12,ジェイエルノブレス,牝5,55,田辺,01:45.9,1.1/2,9,39.5,42.3,13-14,美浦小西,464(+2)
1,5,10,ビッククインバイオ,牝3,54,大野,01:21.7,,2,4.6,34.2,3月3日,美浦牧,476(-2)
2,3,6,クリノプレミアム,牝3,54,丸山,01:21.8,1月2日,4,7.7,34.1,5月6日,美浦伊藤伸,454(-8)
3,8,16,バトルカグヤ,牝3,54,津村,01:22.1,2,10,34.1,35.2,1月1日,栗東本田,452(0)
4,4,8,ダイワクンナナ,牝3,54,北村宏,01:22.2,クビ,5,8.7,34.5,7月6日,美浦国枝,486(-8)
5,6,11,シベール,牝3,54,Ｍデム,01:22.2,クビ,1,4.1,34.4,10月8日,美浦久保田,450(-4)
6,1,2,フィオリキアリ,牝3,54,宮崎,01:22.2,アタマ,7,13.8,34.2,7月10日,栗東清水久,432(-2)
7,5,9,コミカライズ,牝3,54,横山典,01:22.5,2,3,5.6,34.7,9月8日,美浦和田勇,454(0)
8,2,4,スウィートメリナ,牝3,54,田辺,01:22.6,クビ,9,22.8,34.6,10月10日,美浦菊川,424(0)
9,8,15,エレガンテレイナ,牝3,54,武藤,01:22.6,ハナ,11,38.2,34.3,14-13,美浦高柳瑞,432(0)
10,6,12,ビオグラフィー,牝3,54,ミナリ,01:22.6,アタマ,8,19.5,35.1,3月3日,栗東藤岡,464(+2)
11,1,1,クイックレス,牝3,54,石川,01:22.7,1月2日,15,150.5,34.4,10月13日,美浦中舘,444(+4)
12,3,5,セイラブミー,牝3,54,内田博,01:22.7,ハナ,16,350.6,34.4,14-13,美浦伊藤大,438(-6)
13,4,7,スリリングドリーム,牝3,54,Ｃ．ル,01:23.1,2.1/2,6,9,35,10月10日,美浦小野,446(+2)
14,7,13,ハニーリン,牝3,54,吉田豊,01:23.3,1.1/4,12,62.1,35.7,5月5日,美浦堀井,466(-2)
15,2,3,メイプルプレゼント,牝3,54,森裕,01:23.3,クビ,13,92.1,34.7,14-16,美浦高市,446(+2)
16,7,14,フィドル,牝3,54,横山和,01:24.4,7,14,148.7,37.1,2月2日,美浦高市,422(-8)
1,1,1,サトノラディウス,牡4,56,ルメー,02:25.5,,1,1.4,34.6,4-5-8-9,美浦国枝,490(+6)
2,5,5,パルティアーモ,牝4,52,津村,02:25.6,3月4日,2,8.7,35.1,6-5-2-2,美浦池上,494(+20)
3,2,2,クリノオスマン,セ6,54,Ｍ．デ,02:26.0,2.1/2,4,12.7,35.3,2-2-4-5,美浦伊藤伸,456(0)
4,8,11,カーロバンビーナ,牝5,54,石橋脩,02:26.1,1月2日,9,36.5,35.3,9-9-9-7,美浦戸田,412(0)
5,7,8,タンタフエルサ,牡5,55,田辺,02:26.1,クビ,8,26.8,35,10-10-10-10,美浦国枝,450(-6)
6,6,7,レッドボヌール,牝6,53,田中勝,02:26.3,1.1/4,5,16.3,35.2,10-10-10-10,美浦宗像,432(+2)
7,4,4,ヴァンクールシルク,セ6,55,丸山,02:27.2,5,7,24.5,36.4,7-7-7-7,美浦木村,576(+2)
8,8,10,コスモジャーベ,牡7,54,武藤,02:27.4,1.1/4,11,50.9,36.9,7-7-2-2,美浦和田雄,492(0)
9,7,9,アランブレラ,牡5,55,北村宏,02:27.6,1.1/4,3,10.4,37,4-4-4-4,美浦尾関,556(+16)
10,6,6,ヴィエナブロー,牝4,52,野中,02:27.9,1.3/4,6,19,37.5,1-1-1-1,美浦林,454(+2)
11,3,3,エスティーム,牡6,55,内田博,02:28.5,3.1/2,10,46,37.8,2-2-4-5,美浦高橋祥,524(-2)
1,3,5,ウーリリ,牡4,57,津村,01:33.5,,4,7.6,34.1,3月2日,栗東友道,500(-6)
2,8,16,ルーカス,牡5,57,Ｍデム,01:33.5,ハナ,5,8.2,34.1,3月2日,美浦堀,514(+2)
3,7,13,ヴィッテルスバッハ,牡4,57,石橋脩,01:33.6,1月2日,3,7.3,33.7,12月10日,美浦池上,474(+10)
4,1,2,トーセンブレス,牝5,55,大野,01:33.6,アタマ,6,15.4,33.6,10月12日,美浦加藤征,472(+4)
5,1,1,アントリューズ,牡4,57,田辺,01:33.7,3月4日,2,3.3,33.4,13-13,美浦栗田,500(+4)
6,5,10,ボーダーオブライフ,牡6,57,伊藤,01:33.8,1月2日,12,135.8,34.3,5月5日,美浦金成,498(0)
7,4,8,ドルチャーリオ,牡7,57,田中勝,01:33.8,ハナ,14,205.5,34.2,6月6日,栗東池添兼,446(-14)
8,2,3,スイープセレリタス,牝4,55,ルメー,01:34.0,1.1/4,1,2.8,34.2,6月7日,美浦藤沢和,504(+12)
9,8,15,トーラスジェミニ,牡4,57,木幡育,01:34.0,クビ,10,78.9,34.8,1月1日,美浦小桧山,490(+2)
10,2,4,オールザゴー,牡6,57,丸山,01:34.0,ハナ,9,49.2,34.3,6月7日,栗東矢作,506(-2)
11,6,11,レノーア,牝4,55,石川,01:34.0,アタマ,7,24.5,34.7,2月2日,美浦相沢,418(+2)
12,7,14,スモークフリー,牡8,57,武藤,01:34.1,1月2日,16,483.8,33.6,16-16,美浦戸田,538(-4)
13,6,12,リカビトス,牝6,55,北村宏,01:34.2,クビ,8,29.1,34,13-13,美浦奥村武,444(+12)
14,4,7,エクレアスパークル,牡6,57,内田博,01:34.4,1.1/4,13,157.5,34.2,13-13,美浦大和田,468(+2)
15,5,9,チャンピオンルパン,牡9,57,横山和,01:34.6,1.1/4,11,82.6,34.9,9月7日,美浦勢司,510(-4)
16,3,6,ルグランパントル,セ8,57,野中,01:35.0,2.1/2,15,465.8,35.1,10月10日,美浦稲垣,480(-10)
1,1,1,サンチェサピーク,牡6,57,Ｍデム,01:37.1,,4,7.7,37.1,4月4日,美浦加藤征,528(+2)
2,8,15,セイヴァリアント,牡4,57,吉田豊,01:37.3,1.1/4,1,4,36.6,13-13,美浦中川,498(+2)
3,3,4,テイエムグッドマン,牡6,57,横山典,01:37.3,アタマ,9,21.9,37.2,7月6日,栗東武英,498(+16)
4,2,3,エンドーツダ,牝4,55,岩部,01:37.3,アタマ,8,17.8,36.4,14-14,美浦萱野,450(-4)
5,5,8,シャドウセッション,牡4,57,ミナリ,01:37.3,ハナ,2,4.3,36.7,11月11日,美浦鹿戸,522(-2)
6,7,12,トーセンヴィータ,牡5,57,武藤,01:38.1,5,5,15.8,38.4,2月2日,美浦古賀慎,540(+2)
7,7,13,キタサンタイドー,牡5,57,田中勝,01:38.1,アタマ,7,17.2,37.7,8月9日,栗東清水久,514(+4)
8,6,11,イッツリット,牡4,57,田辺,01:38.1,クビ,11,35.8,38.4,2月2日,美浦和田郎,496(+16)
9,3,5,スパイスマジック,セ5,57,大野,01:38.2,1月2日,10,23.3,38,8月6日,美浦杉浦,488(+18)
10,6,10,オンザウェイ,牡4,57,津村,01:38.3,3月4日,14,69.5,37.8,11月11日,美浦大和田,528(0)
11,8,14,リープリングスター,セ4,57,ルメー,01:38.4,クビ,3,4.7,38,8月9日,美浦木村,554(+14)
12,2,2,サニークラウド,牡4,57,石橋脩,01:38.7,2,12,36,37.7,15-15,美浦牧,496(+4)
13,4,7,グランサム,セ5,57,北村宏,01:38.9,1,13,42.7,38.8,6月6日,美浦古賀慎,470(+6)
14,5,9,アポロマーキュリー,牝6,55,丸山,01:39.3,2.1/2,15,75.7,39.4,4月4日,美浦鈴木伸,470(-8)
15,4,6,スズカアーチスト,牝5,53,△木幡育,01:39.4,クビ,6,16.2,39.8,1月1日,美浦伊藤圭,470(-4)
1,7,14,ペルシャンジュエル,牝3,54,Ｍデム,01:26.9,,2,3.2,37.1,10月7日,美浦金成,436(-4)
2,5,9,セルフィー,牝3,54,ルメー,01:27.0,3月4日,1,2.1,37.7,3月3日,美浦藤沢和,454(-6)
3,4,7,トリッチトラッチ,牝3,54,田辺,01:27.3,1.3/4,3,5.8,37.3,11月13日,美浦伊藤圭,420(-6)
4,1,1,ユールファーナ,牝3,54,丸山,01:27.8,3,5,18,38.1,7月7日,美浦和田勇,416(-6)
5,6,12,クロキシ,牝3,54,木幡巧,01:28.0,1,15,359.8,37.7,13-14,美浦和田雄,406(0)
6,3,6,モノポリーアイズ,牝3,54,横山典,01:28.2,1.1/4,4,12.5,38.4,7月7日,美浦武井,440(+6)
7,8,16,パーティネント,牝3,54,津村,01:28.4,1.1/4,6,22.2,38.9,4月4日,美浦岩戸,470(+6)
8,3,5,ジニアテソーロ,牝3,54,武藤,01:28.7,1.3/4,12,91.2,40,1月1日,美浦奥平,462(+10)
9,1,2,カンタベリーアロマ,牝3,54,武士沢,01:28.7,アタマ,14,178.6,38.7,10月11日,美浦星野,426(-2)
10,2,3,タイセイプルミエ,牝3,54,Ｆ．ミ,01:28.7,ハナ,8,38.6,38.4,13-14,美浦青木,464(-6)
11,4,8,ラッキービープラン,牝3,54,伊藤,01:28.7,クビ,9,56.9,38.9,7月7日,美浦宗像,474(0)
12,6,11,ヴィエリチカ,牝3,54,石川,01:28.8,クビ,10,69.9,38.8,10月11日,美浦相沢,442(-10)
13,2,4,カスミ,牝3,53,☆菊沢,01:29.2,2.1/2,11,70.7,39.8,4月4日,美浦松山,466(-6)
14,7,13,ハヤブサピアーノ,牝3,54,大野,01:30.4,7,7,27.5,40.9,4月4日,美浦高柳瑞,460(+2)
15,5,10,ララスカート,牝3,54,内田博,01:30.8,2.1/2,16,683.7,39.1,16-16,美浦田中剛,414(-6)
16,8,15,ナックローズ,牝3,52,△木幡育,01:31.4,4,13,170,42.3,2月2日,美浦杉浦,416(+6)
1,2,3,トラモント,牡3,56,ミナリ,02:15.0,,1,2.4,36.6,15-11-11-8,美浦新開,502(-16)
2,5,9,レオファイナリスト,牡3,56,木幡巧,02:15.3,2,4,8.1,37.6,5-5-4-4,美浦牧,476(-4)
3,3,4,ロドルフォブレイン,牡3,56,石橋脩,02:15.8,3,5,8.3,38.3,9-8-2-2,美浦尾関,530(-10)
4,8,14,トーセンワンダー,牡3,56,吉田豊,02:16.1,2,2,4.1,38.5,7-8-4-3,美浦古賀史,512(+8)
5,7,12,キークラウン,牡3,55,☆野中,02:16.4,1.3/4,6,11.4,38.2,11-10-9-6,美浦黒岩,494(-4)
6,6,11,ハイテイブルース,牡3,54,△木幡育,02:16.4,アタマ,8,41.3,37.3,10-11-11-12,美浦田島,476(+2)
7,2,2,マルターズデセオ,牡3,56,武藤,02:17.6,7,7,17.5,39.1,7-6-7-8,美浦手塚,484(-2)
8,6,10,アルコンシチー,牡3,56,石川,02:17.7,1月2日,10,45.7,39.9,3-3-2-4,美浦相沢,460(0)
9,3,5,カラヤン,牡3,56,武士沢,02:17.8,クビ,9,43.1,39.1,11-14-13-10,美浦小桧山,476(-8)
10,7,13,セイリングバリュー,牝3,54,津村,02:17.9,1月2日,3,7.6,40.5,1-2-1-1,美浦鈴木伸,502(-2)
11,4,7,サバイバルボス,牡3,56,井上,02:18.0,3月4日,12,169.8,39.7,3-3-4-7,美浦和田雄,494(-12)
12,5,8,メイショウフガク,牡3,55,☆菊沢,02:18.4,2.1/2,13,246.1,39,11-14-13-14,美浦和田勇,464(-6)
13,1,1,ファナティックエロ,牡3,56,横山和,02:18.5,クビ,11,168.4,39.7,11-11-9-10,美浦奥村武,494(-8)
14,8,15,ムービングブレイド,牡3,56,宮崎,02:22.4,大,15,444.4,42,5-6-15-15,美浦高橋祥,490(-4)
15,4,6,ソリスト,牡3,56,江田照,02:22.4,クビ,14,272.2,43.2,2-1-7-13,美浦佐藤,472(-2)
1,8,16,バルサミックムーン,牡3,56,吉田豊,01:40.1,,7,19.3,36.6,7月7日,美浦武藤,510(0)
2,5,9,キャッツアイ,牝3,54,岩田康,01:40.8,4,3,5.9,38,1月1日,栗東小崎,470(0)
3,2,3,ペンタグラム,牡3,56,田辺,01:41.6,5,2,5.2,38.5,4月4日,美浦栗田,464(0)
4,4,8,レハール,牡3,56,横山和,01:41.8,1.1/4,11,48.9,38.8,2月2日,美浦勢司,430(0)
5,7,13,ティケイプルメリア,牝3,54,Ｍデム,01:42.2,2.1/2,4,6.5,38.5,7月8日,美浦林,438(0)
6,2,4,ファイティング,牡3,56,江田照,01:42.5,1.3/4,1,3,39.3,5月4日,美浦石毛,488(0)
7,6,11,ラブエスポー,牝3,54,伊藤,01:42.5,アタマ,6,13.9,37.9,12月11日,美浦蛯名,466(0)
8,3,6,マッチザハッチ,牡3,56,ミナリ,01:42.6,1月2日,8,21.3,38.4,9月9日,美浦萩原,478(0)
9,3,5,ジョインザフロウ,牝3,54,丸山,01:43.1,3,5,10.5,38.4,12月11日,美浦奥村武,498(0)
10,8,15,アシャカトライミー,牡3,56,田中勝,01:43.5,2.1/2,10,29.5,40.4,5月4日,美浦加藤和,494(0)
11,6,12,ヒスイクロシェット,牝3,54,武藤,01:44.0,3,12,59.4,39.6,11月10日,美浦相沢,412(0)
12,1,2,ワンダーサーイター,牡3,56,菅原隆,01:44.1,1月2日,14,100.4,38.3,15-15,美浦畠山,456(0)
13,5,10,ドナラフィナート,牝3,54,松田,01:44.5,2.1/2,15,116.3,41.5,2月2日,美浦高木,402(0)
14,1,1,ハロータイム,牡3,56,大庭,01:44.9,2.1/2,13,96.8,39.7,12月14日,美浦高橋文,488(0)
15,4,7,レイルチル,牡3,56,岩部,01:44.9,クビ,16,135.3,38.8,15-16,美浦南田,466(0)
16,7,14,オオカネヒラ,牡3,55,☆野中,01:45.0,クビ,9,28.2,40,10月13日,栗東中竹,528(0)
1,8,16,ホウオウクリスティ,牝4,55,津村,01:38.3,,6,17.9,36.8,9月7日,美浦池上,482(+16)
2,7,14,シングシングシング,牝5,55,武藤,01:38.4,3月4日,2,4.9,37.6,2月2日,美浦伊藤大,480(+6)
3,7,13,グロリアーナ,牝4,55,ルメー,01:38.4,クビ,1,1.8,37.4,4月4日,美浦木村,504(-12)
4,5,9,ウエスタンマリーヤ,牝5,55,横山和,01:38.9,3,13,205.1,37.6,6月6日,美浦小野,482(-6)
5,6,11,ハンドリー,牝5,55,ミナリ,01:39.1,1.1/2,7,31,37.4,11月9日,美浦青木,464(+7)
6,3,6,コンスタンティナ,牝4,55,Ｍデム,01:39.2,クビ,3,6.1,37.4,9月14日,美浦中野,506(+24)
7,3,5,ゴムマリ,牝5,55,吉田豊,01:39.2,ハナ,11,147,37.1,16-16,美浦浅野,492(+2)
8,8,15,クロスパール,牝4,55,丸山,01:39.4,1.1/4,5,17.5,37.7,10月9日,美浦勢司,448(+6)
9,4,7,チビラーサン,牝4,55,田辺,01:39.5,1月2日,4,8.8,37.8,11月9日,美浦中舘,438(+2)
10,2,4,カッチョエペペ,牝4,55,木幡巧,01:39.6,1月2日,8,33.8,38.6,4月4日,美浦牧,446(+2)
11,2,3,アヴォンリー,牝4,55,江田照,01:40.2,3.1/2,10,116.6,38.7,8月7日,美浦竹内,472(+10)
12,5,10,ブーケオブジュエル,牝4,55,大野,01:40.2,アタマ,9,48.8,39.5,2月2日,美浦加藤士,484(+4)
13,6,12,スターリバー,牝5,55,武士沢,01:40.8,3.1/2,16,491,38.8,13-14,美浦星野,478(+18)
14,1,1,ケイツーシリング,牝5,54,☆菊沢,01:40.9,3月4日,15,420,38.9,14-14,美浦深山,414(+2)
15,4,8,マーヴェラスクイン,牝4,55,内田博,01:42.0,7,12,164.3,41.4,1月1日,美浦古賀慎,422(+4)
16,1,2,ガビーズメモリー,牝4,55,柴田善,01:42.7,4,14,216.5,40.9,6月9日,美浦藤原辰,492(+2)
1,3,6,オシリスブレイン,牡3,56,大野,01:35.1,,1,2.2,33.7,2月2日,美浦田村,492(+2)
2,3,5,ツルネ,牝3,54,吉田豊,01:35.2,3月4日,3,8.9,33.5,3月4日,美浦高橋文,478(-2)
3,2,3,シネマトグラフ,牝3,54,ルメー,01:35.4,1.1/2,2,3.3,34.1,1月1日,美浦奥村武,456(-2)
4,8,15,グランエクセレント,牡3,56,田辺,01:35.6,1,5,13.3,33.6,8月7日,美浦石毛,512(0)
5,1,2,プラットフォーマー,牝3,54,津村,01:35.8,1.1/4,7,23.4,33.9,7月7日,美浦矢野,448(+10)
6,7,14,シチリアフレイバー,牡3,56,福永,01:35.9,3月4日,4,9.8,34.1,6月4日,美浦久保田,472(+4)
7,1,1,ネバーランド,牡3,56,木幡巧,01:36.2,2,12,163.5,34.5,3月4日,美浦岩戸,430(+2)
8,6,12,マイネルアルモニコ,牡3,55,☆野中悠,01:36.4,1.1/4,15,337.7,34.2,11月11日,美浦鹿戸,422(-12)
9,6,11,ハクサンフルリール,牡3,56,武藤,01:36.5,クビ,11,83,34.3,11月11日,美浦武藤,446(+6)
10,5,10,ロッソビアンコ,牝3,54,柴田善,01:36.6,3月4日,9,34.3,34.2,13-13,美浦鹿戸,432(+2)
11,8,16,リベリアスハート,牡3,56,岩田康,01:36.7,3月4日,13,197.1,34.7,8月7日,美浦上原,450(-4)
12,2,4,インテリジェンス,牝3,54,石橋脩,01:36.8,1月2日,6,15.6,34.3,15-14,美浦菊沢,450(0)
13,4,8,アエローザ,牝3,54,ミナリ,01:36.8,ハナ,8,34.1,34,16-16,美浦池上,428(0)
14,4,7,オウケンアマゾネス,牝3,54,北村宏,01:36.8,ハナ,14,265.8,35.2,3月3日,美浦和田勇,428(0)
15,7,13,アイシーブルー,牡3,54,△木幡育,01:36.9,3月4日,16,541.6,34.4,14-14,美浦田村,444(+18)
16,5,9,スカイテラス,牡3,56,フォー,01:37.2,2,10,71.6,35.1,10月10日,美浦和田郎,464(+12)
1,8,16,アクロアイト,牝3,54,丸山,01:49.5,,6,15.8,34.3,2003/3/3,美浦大竹,482(0)
2,3,6,レヴィオーサ,牡3,56,岩田康,01:49.5,クビ,2,4.2,34,2005/5/5,栗東友道,454(0)
3,2,4,ラパンセソバージュ,牡3,56,Ｍデム,01:49.6,1月2日,5,11.2,34.3,2004/3/3,美浦大竹,452(0)
4,6,11,トーホウラデン,牡3,56,福永,01:49.7,1月2日,3,4.7,33.9,2011/10/8,栗東高橋亮,494(0)
5,1,2,マカレナダンス,牡3,56,大野,01:49.7,クビ,10,111.6,34.8,2001/1/1,美浦鈴木伸,474(0)
6,4,7,ロードウィリアム,牡3,56,内田博,01:49.8,クビ,8,37.2,34.2,2008/5/5,美浦高柳瑞,442(0)
7,6,12,ペイシャフラッシュ,牡3,56,武士沢,01:50.4,3.1/2,13,166.4,34.7,2005/7/7,美浦高橋裕,486(0)
8,5,10,ストロマンテ,牡3,56,北村宏,01:50.6,1.1/4,14,192.4,34,14-15-15,美浦国枝,456(0)
9,7,14,ストラテジーマップ,牡3,56,横山典,01:50.8,1.1/2,4,6.3,34.9,2008/10/8,美浦菊沢,498(0)
10,8,15,コスモヒビキ,牡3,54,津村,01:50.9,1月2日,11,122.9,35.9,2002/2/2,美浦宗像,460(0)
11,1,1,デルマダイヤモンド,牡3,56,武藤,01:51.0,3月4日,7,28.9,35.2,2011/7/8,美浦戸田,450(0)
12,7,13,ヴェルズネイ,牝3,54,ルメー,01:51.1,クビ,1,2.6,34.8,2011/12/13,美浦堀,432(0)
13,5,9,ミキノルミナス,牡3,56,宮崎,01:51.4,2,12,156.7,35.3,2014/12/12,美浦南田,488(0)
14,4,8,ピオニーテソーロ,牝3,53,☆野中,01:51.6,1,9,91.2,35.3,2010/12/13,美浦金成,412(0)
15,3,5,キッチンドリンカー,牝3,52,△木幡育,01:52.3,4,16,271.9,36.5,2007/7/8,美浦本間,416(0)
16,2,3,モンジベロ,牡3,56,田中勝,01:54.6,大,15,214.5,36.2,16-16-16,美浦加藤和,452(0)
1,2,2,ハーツイストワール,牡4,56,田辺,02:25.4,,4,6.2,34.3,3-3-4-4,美浦国枝,482(-2)
2,8,12,スマイル,牡4,56,Ｍデム,02:25.6,1.1/4,2,4.1,34.6,5-3-4-4,美浦堀,526(+4)
3,3,3,ピンシェル,牡4,56,吉田豊,02:26.3,4,3,4.5,35.5,1-1-2-2,美浦高橋文,528(+12)
4,8,11,アルスラーン,牡5,57,北村宏,02:26.5,1.1/4,9,42.8,35.3,4-5-6-6,美浦小西,506(+8)
5,7,9,レオビヨンド,牡4,56,ルメー,02:26.8,2,1,3,35.6,7-5-6-6,栗東高柳大,480(+4)
6,5,5,ハンターバレー,牡4,56,田中勝,02:27.1,1.3/4,7,34.4,35.4,7-5-9-9,美浦宗像,496(+16)
7,6,8,ハギノアップロード,牡4,56,福永,02:27.3,1.1/4,6,17.4,35.2,10-9-11-11,栗東松田,490(-2)
8,1,1,インフルエンサー,牡6,55,△木幡育,02:27.8,3,11,90.3,36.4,5-5-8-8,美浦深山,448(+14)
9,5,6,ラヴィアンレーヴ,牡4,56,丸山,02:27.8,クビ,5,7.6,37.2,12-9-1-1,美浦田村,448(+2)
10,6,7,アイスブラスト,牡4,56,武藤,02:28.9,7,8,35.9,38.1,2-2-2-2,美浦戸田,498(+8)
11,7,10,ベルゲンハーバー,牡4,56,岩田康,02:30.1,7,12,240.7,38.1,10-9-9-10,美浦斎藤誠,464(-2)
1,1,2,フィルムフランセ,牝6,55,岩田康,01:18.3,6,,8.4,35.7,6月6日,栗東牧浦,492(0)
2,5,9,ニシノコトダマ,牡4,57,石川,01:18.3,クビ,7,8.5,36,4月4日,美浦手塚,516(+6)
3,6,12,オルクリスト,牡4,57,横山典,01:18.7,2.1/2,3,6.2,34.8,15-16,美浦杉浦,492(+6)
4,2,3,ペイシャボム,牡6,57,柴田善,01:19.0,1.1/2,8,15.2,37.8,2月2日,美浦本間,498(+14)
5,6,11,プロトイチバンボシ,牡4,57,内田博,01:19.1,1月2日,10,26.4,36.1,9月8日,美浦浅野,510(0)
6,5,10,フレッシビレ,牝5,55,横山和,01:19.1,クビ,14,145.5,36.1,9月8日,美浦藤原辰,516(-2)
7,8,16,ウメタロウ,牡5,57,江田照,01:19.2,クビ,4,7.6,35.8,12月13日,美浦伊藤大,504(+4)
8,7,14,シャインサンデー,牝6,55,大野,01:19.4,1,9,21,37,4月4日,美浦加藤征,422(+2)
9,4,7,ハイアーグラウンド,セ6,57,ミナリ,01:19.6,1.1/4,12,43.4,36.9,6月6日,美浦大和田,512(+4)
10,3,5,カシノブレンド,セ4,57,Ｍデム,01:19.6,クビ,2,5.4,35.9,14-14,美浦蛯名,448(0)
11,1,1,ステラルーチェ,牡8,57,武士沢,01:19.7,3月4日,15,199.7,37.9,3月3日,美浦蛯名,492(+2)
12,8,15,デルマカシャーサ,牝5,53,△木幡育,01:19.8,1月2日,16,259.5,36.8,8月8日,美浦田中博,468(+8)
13,4,8,ラインギャラント,牝5,55,武藤,01:20.1,2,11,42.8,36.5,15-14,美浦水野,456(+4)
14,2,4,フォーティプリンス,牡6,57,丸山,01:20.2,クビ,13,136,37,12月11日,美浦小西,484(0)
15,7,13,パイロジェン,牡4,57,田辺,01:20.5,1.3/4,5,7.8,37.3,9月11日,美浦伊藤圭,458(0)
16,3,6,ジュンパッション,牡5,57,津村,01:20.8,1.3/4,1,5.2,39.9,1月1日,美浦高柳瑞,480(+2)
1,1,1,リリーピュアハート,牝3,54,福永,02:27.0,,2,3.4,34.2,5-5-6-7,栗東藤原英,438(+8)
2,6,6,ヴォリアーモ,牝3,54,ルメー,02:27.3,1.3/4,1,3.1,34.6,7-7-6-6,美浦木村,460(+8)
3,8,8,サトノシャローム,牡3,56,Ｍデム,02:27.3,ハナ,3,4.6,35,2-2-1-1,栗東池江,504(0)
4,8,9,ルトロヴァイユ,牝3,54,吉田豊,02:27.4,3月4日,8,29.4,34.9,5-5-5-3,美浦竹内,466(-4)
5,7,7,アルサトワ,牡3,56,フォー,02:27.5,3月4日,4,6.1,35,1-1-3-3,栗東斉藤崇,506(-6)
6,4,4,ハギノエスペラント,牡3,56,ミナリ,02:27.5,ハナ,9,32.1,35.1,3-3-2-2,栗東松田,478(+6)
7,2,2,クロスザルビコン,牡3,56,田辺,02:27.7,1.1/4,7,16.3,34.8,8-8-8-7,美浦大和田,434(-10)
8,3,3,ローレリスト,牡3,56,横山典,02:28.6,5,6,15.3,35.4,9-9-9-9,美浦中川,454(-6)
9,5,5,ヴィズサクセス,牡3,56,北村宏,02:30.1,9,5,13.7,37.6,3-3-4-3,美浦手塚,458(0)
1,1,1,フォギーナイト,牡6,54,ルメー,01:36.3,,2,4,35.9,7月8日,美浦堀,496(-8)
2,6,12,マッスルビーチ,牡4,55,福永,01:36.4,1月2日,1,3.8,35.6,12月12日,栗東鈴木孝,468(+14)
3,3,5,ヴァイトブリック,牡4,55,丸山,01:36.6,1.1/4,8,17.5,36.4,5月4日,美浦和田郎,508(+10)
4,7,14,デターミネーション,牡4,55,フォー,01:36.8,1.1/4,3,6,36.9,2月2日,栗東小崎,476(+12)
5,8,16,バーンフライ,牡5,55,野中,01:37.0,1.1/4,9,23.7,36.4,9月9日,栗東矢作,492(0)
6,6,11,トワイライトタイム,牡5,55,岩田康,01:37.0,クビ,7,17,36.7,7月6日,栗東五十嵐,468(+4)
7,5,10,ハーグリーブス,牡5,54,大野,01:37.1,クビ,10,25,36.4,9月9日,美浦尾関,510(-2)
8,8,15,ビービーガウディ,牡6,54,柴田善,01:37.1,ハナ,15,123.7,36.1,15-15,美浦久保田,484(0)
9,4,7,カレンガリアード,牡5,54,津村,01:37.1,ハナ,11,36.5,37.4,1月1日,栗東安田翔,468(+4)
10,3,6,フィールザファラオ,牡5,54,北村宏,01:37.3,1,6,11.8,36.5,12月12日,美浦岩戸,466(0)
11,1,2,マリオ,牡5,54,石橋脩,01:37.3,アタマ,5,10.9,37,5月6日,栗東安達,498(-6)
12,2,3,バンブトンハート,牝4,52,田中勝,01:37.3,クビ,4,7.7,36.1,16-16,美浦粕谷,506(0)
13,2,4,エネスク,牡7,54,内田博,01:37.4,3月4日,12,67.6,36.8,9月9日,栗東山内,522(+2)
14,4,8,デンバーテソーロ,牝4,53,木幡巧,01:38.0,3.1/2,13,81.2,37.8,3月4日,美浦栗田,464(+8)
15,7,13,セイウンクールガイ,牡5,54,武藤,01:38.1,1月2日,14,90.8,38.2,3月2日,美浦奥平,458(+6)
16,5,9,メガオパールカフェ,牡9,52,吉田豊,01:38.9,5,16,254.8,38.1,12月12日,美浦和田勇,548(+6)
1,1,1,プリモシーン,牝5,56,Ｍデム,01:33.0,,4,7.8,33.6,6月6日,美浦木村,504(+8)
2,6,12,シャドウディーヴァ,牝4,54,岩田康,01:33.1,1月2日,6,14.2,33.3,12月11日,美浦斎藤誠,470(-4)
3,7,13,クリノガウディー,牡4,56,横山典,01:33.1,ハナ,5,8.7,33.9,4月4日,栗東藤沢則,496(+8)
4,3,5,サトノアーサー,牡6,56,田辺,01:33.2,1月2日,3,7.7,34,4月4日,栗東池江,494(+10)
5,2,4,クルーガー,牡8,57,フォー,01:33.2,ハナ,12,84.1,34.3,2月2日,栗東高野,528(0)
6,1,2,ヴァンドギャルド,牡4,56,福永,01:33.2,クビ,2,3.8,33.6,8月8日,栗東藤原英,476(0)
7,4,8,スウィングビート,牡5,56,大野,01:33.4,1.1/2,14,177.1,33.8,8月8日,美浦加藤征,490(-4)
8,3,6,レイエンダ,牡5,57,丸山,01:33.5,1月2日,7,17.4,34.6,3月2日,美浦藤沢和,496(+12)
9,5,9,レッドヴェイロン,牡5,56,ルメー,01:33.5,ハナ,1,2.9,33.5,11月12日,栗東石坂正,494(0)
10,5,10,ロワアブソリュー,牡7,56,吉田豊,01:33.5,アタマ,15,402.7,33.3,14-13,栗東須貝,518(+6)
11,8,15,ケイアイノーテック,牡5,58,津村,01:33.6,クビ,8,20.9,33.2,16-15,栗東平田,474(0)
12,4,7,ケイデンスコール,牡4,56,石橋脩,01:33.6,ハナ,9,26.4,34.2,7月6日,栗東安田隆,468(-6)
13,8,16,ドーヴァー,牡7,57,北村宏,01:34.0,2.1/2,10,58.4,33.6,14-15,美浦伊藤圭,504(0)
14,7,14,ゴールドサーベラス,牡8,56,内田博,01:34.2,1,16,503.1,34,13-13,美浦清水英,456(+10)
15,6,11,キャンベルジュニア,牡8,56,ミナリ,01:34.4,1.1/2,13,89.6,34.7,8月8日,美浦堀,552(+8)
16,2,3,モルフェオルフェ,牝5,54,江田照,01:35.5,7,11,59.4,37.4,1月1日,美浦大江原,454(+8)
1,4,4,ブルスクーロ,牡4,57,フォー,01:21.5,,3,5.3,34.2,1月1日,栗東池添学,518(+8)
2,7,11,ココフィーユ,牝4,55,岩田康,01:21.5,アタマ,6,14.7,33.7,3月3日,美浦斎藤誠,438(+4)
3,4,5,スイーズドリームス,牡6,57,田辺,01:21.7,1,4,6.4,33.4,8月6日,栗東須貝,504(-6)
4,6,9,フォッサマグナ,牡4,57,ルメー,01:21.8,1月2日,1,2.4,34.2,2月2日,美浦藤沢和,474(-2)
5,8,13,カルリーノ,牡4,57,石橋脩,01:22.0,1.1/4,2,3.6,33.4,10月10日,美浦高橋裕,510(-6)
6,5,6,ヴォイスオブジョイ,牝4,55,津村,01:22.1,3月4日,5,13,33.5,10月10日,美浦水野,462(+4)
7,1,1,ドウディ,牡6,57,柴田善,01:22.5,2.1/2,8,61.1,34.3,8月6日,美浦小野,490(-4)
8,7,10,マイティーワークス,牝5,55,ミナリ,01:22.7,1.1/4,9,72.6,33.9,12月12日,美浦菊川,474(-4)
9,6,8,ボールドジャパン,牡9,57,江田照,01:22.8,1月2日,10,108.7,34.6,6月6日,美浦蛯名,520(-4)
10,2,2,スノードーナツ,牝6,55,岩部,01:22.9,1月2日,12,377.9,34.2,12月12日,美浦石毛,494(+8)
11,5,7,ホウオウスクラム,牡5,57,大野,01:23.0,1月2日,7,31.5,34.9,5月5日,美浦奥村武,516(+2)
12,3,3,スワンボート,牡10,56,☆菊沢,01:23.2,1.1/4,13,449.9,35.3,3月4日,美浦浅野,494(+22)
13,8,12,ナイスドゥ,牝5,53,△木幡育,01:25.1,大,11,212.9,36.7,6月9日,美浦清水英,434(+6)
1,7,14,トミケンレゲンダ,牡3,56,石橋脩,01:25.4,,1,3.2,36.6,3月3日,美浦大和田,468(+4)
2,6,11,クロッチ,セ3,56,大野,01:26.0,3.1/2,5,7.3,37.3,2月2日,美浦杉浦,460(+2)
3,6,12,トーセンリズム,牡3,55,☆菊沢,01:26.2,1.1/4,7,20.9,37.8,1月1日,美浦深山,476(+12)
4,5,10,チートコード,牡3,56,吉田豊,01:26.3,3月4日,2,4.3,37.4,3月3日,美浦尾関,510(-4)
5,7,13,トーセンマイベスト,牡3,55,☆野中,01:26.9,3.1/2,8,23.5,37.8,6月5日,美浦上原,480(+8)
6,4,8,バルドダンサー,牡3,56,Ｍデム,01:27.0,クビ,3,5.2,37.9,6月5日,美浦和田雄,462(+2)
7,5,9,ネオトゥルー,牡3,56,津村,01:27.0,クビ,9,24.4,37.7,8月8日,美浦鈴木伸,480(-4)
8,3,5,ナックジーニアス,牡3,56,田中勝,01:27.4,2.1/2,6,19.8,37.7,11月11日,美浦宗像,522(+2)
9,4,7,トーセンリヤン,牡3,56,横山和,01:27.7,1.1/2,4,7.1,38.5,5月5日,美浦池上,434(-8)
10,1,2,マクラーレンベール,牡3,56,北村宏,01:27.7,ハナ,11,66.4,38.1,11月11日,美浦勢司,512(+10)
11,8,15,キタノフウライジン,牡3,56,木幡巧,01:28.1,2.1/2,13,150.1,38,14-14,美浦松永康,480(0)
12,2,4,ヘニービュット,牡3,56,ミナリ,01:28.2,1月2日,12,66.5,38.8,8月9日,美浦池上,490(-6)
13,8,16,ゼクスバンデ,牡3,56,嘉藤,01:28.9,4,15,176.6,38.9,14-13,美浦高市,428(0)
14,2,3,タイムカプセル,牡3,56,菅原隆,01:29.4,3,16,469.5,40,8月9日,美浦土田,442(+4)
15,3,6,タイダルフォース,牡3,56,フォー,01:29.5,1月2日,10,58.5,39.4,13-14,美浦中舘,452(0)
16,1,1,シャイニーコースト,セ3,56,江田照,01:30.6,7,14,168.3,38.3,16-16,美浦菊川,472(-10)
1,7,14,ダルムシュタット,牡3,56,田中勝,02:15.6,,2,3.5,39.1,4-5-3-3,美浦栗田,468(-4)
2,7,13,メジャーブレイク,牡3,56,ルメー,02:16.0,2.1/2,1,2.4,39.4,6-5-3-4,美浦水野,530(0)
3,1,2,タイタンブレイン,牡3,56,内田博,02:16.1,1月2日,3,7.7,38.6,15-16-12-12,美浦奥平,520(-18)
4,2,4,ミヤビキング,牡3,55,☆野中,02:16.2,1月2日,8,59.2,39.9,1-1-1-1,美浦小島,528(+2)
5,1,1,サクラヴァルール,牡3,56,横山典,02:16.3,3月4日,6,11,38.7,14-14-14-12,美浦尾関,480(+6)
6,3,5,ゲンキチボン,牡3,56,木幡巧,02:16.4,1月2日,9,71.9,39.1,9-11-10-9,美浦堀井,466(-2)
7,4,7,キューブリック,牡3,56,ミナリ,02:17.6,7,11,81.9,41.2,2-2-2-2,美浦高柳瑞,518(+2)
8,6,11,ウインラディアント,牡3,56,フォー,02:17.7,1月2日,5,8.9,41.1,4-3-3-4,美浦畠山,548(+8)
9,6,12,クンクンクン,牝3,54,菅原隆,02:18.1,2.1/2,14,346.5,40.1,9-12-16-15,美浦加藤和,436(-2)
10,5,9,エアリアルシティー,牡3,56,岩部,02:18.3,1,13,315,41.2,9-8-8-7,美浦石毛,476(+4)
11,8,16,フリーファッション,牡3,56,嘉藤,02:18.5,1.1/4,16,611.7,41.4,9-10-8-7,美浦佐藤,470(-6)
12,3,6,ドリームロマン,牝3,54,丸山,02:18.7,1.1/4,12,167,41.4,15-14-10-9,美浦根本,468(-6)
13,4,8,キールカーディナル,牡3,56,岩田康,02:18.8,1月2日,7,24.8,40.8,8-8-12-15,美浦田中博,468(0)
14,2,3,ネイチャーローズ,牡3,56,武士沢,02:19.6,5,15,484.8,41.8,13-13-14-14,美浦根本,464(-4)
15,5,10,エンパイアブレイズ,牡3,56,井上,02:21.6,大,10,76.4,44.6,3-3-3-6,美浦田島,436(-6)
16,8,15,インビジブルナイツ,牡3,55,☆菊沢,02:26.2,大,4,8.1,48.9,6-7-7-9,美浦菊沢,522(0)
1,8,15,アイノア,牝3,54,津村,01:38.4,,7,29,38,1月1日,美浦青木,482(-4)
2,5,10,サトノアレックス,牡3,56,Ｍデム,01:38.4,アタマ,1,2,37.6,7月3日,美浦古賀慎,494(+2)
3,8,16,シゲルタイタン,牡3,56,ルメー,01:38.8,2.1/2,2,4.6,38.3,2月2日,美浦伊藤圭,476(0)
4,1,2,テンチシンメイ,牡3,56,石橋脩,01:39.1,2,6,21.8,37.5,10月9日,美浦小笠,500(-2)
5,1,1,ヒロキング,牡3,56,内田博,01:39.2,クビ,3,6.7,37.7,12月9日,美浦黒岩,492(-4)
6,3,6,トキメキナイス,牡3,56,江田照,01:39.6,2.1/2,8,31,37.8,12月13日,美浦佐藤,462(0)
7,6,12,セイユメアカリ,牡3,56,北村宏,01:39.9,1.3/4,4,9.7,39.2,3月3日,美浦浅野,446(-2)
8,6,11,エコロキングダム,牡3,56,木幡巧,01:40.0,1月2日,13,196.3,39,5月6日,美浦岩戸,476(0)
9,5,9,センノベステス,牡3,56,横山和,01:40.0,クビ,11,81.9,38.7,10月8日,美浦南田,480(+2)
10,4,8,ブライトオーシャン,牡3,56,大野,01:40.6,3.1/2,5,10.6,39.8,3月3日,美浦新開,504(-2)
11,3,5,タイキグロワール,牡3,56,丸山,01:40.7,1月2日,12,86.4,38.6,16-14,美浦矢野,482(-2)
12,7,14,ビレッジイーグル,牡3,56,武藤,01:40.9,1.1/4,10,72.2,39.9,5月6日,美浦竹内,496(+8)
13,2,3,オンリーワンボーイ,牡3,56,岩田康,01:41.0,3月4日,9,31.5,39.5,8月9日,美浦斎藤誠,448(0)
14,4,7,フェスティヴスーリ,牡3,56,田中勝,01:41.9,5,14,224.6,39.4,14-16,美浦天間,464(+6)
15,2,4,セイウンソルジャー,牡3,56,フォー,01:42.2,2,15,293.4,39.8,14-15,美浦水野,512(-6)
16,7,13,アテンミラクル,牡3,55,☆菊沢,01:42.8,3.1/2,16,395,41.3,8月9日,美浦高橋祥,448(+6)
1,8,15,テーオーケインズ,牡3,56,ルメー,01:37.4,,2,3.6,36,7月5日,栗東高柳大,482(0)
2,6,11,ダノンファスト,牡3,56,横山典,01:37.4,クビ,1,1.7,35.4,13-13,美浦菊沢,456(-4)
3,5,9,アイスシェルフ,牡3,56,丸山,01:38.0,3.1/2,6,19.2,36.6,7月5日,美浦稲垣,518(-4)
4,1,1,ヒシタイザン,牡3,56,田中勝,01:38.5,3,11,74,36.5,13-13,栗東角田,496(-8)
5,8,16,サンダーブリッツ,牡3,56,大野,01:38.6,1月2日,5,16.8,36.9,9月9日,美浦久保田,480(-2)
6,3,5,ジャッジ,牡3,56,北村宏,01:39.0,2.1/2,10,66.4,37.7,4月5日,美浦和田雄,488(0)
7,6,12,ヴィンカマヨール,牡3,56,石橋脩,01:39.0,アタマ,8,37.4,36.7,15-15,美浦田島,496(+4)
8,1,2,フェイバリット,牡3,56,横山和,01:39.1,クビ,16,599.8,36.3,16-16,美浦小桧山,450(0)
9,4,8,アイスナイン,牡3,56,吉田豊,01:39.1,クビ,7,35.3,37.5,9月9日,美浦高橋文,498(+6)
10,4,7,セイエスコート,牡3,55,☆野中,01:39.2,クビ,15,440.7,37.5,12月9日,美浦菊川,470(-2)
11,5,10,ベイサイドブルー,牡3,56,田辺,01:39.3,1月2日,3,11.1,38.2,2月2日,栗東矢作,530(-12)
12,7,14,ラブリーエンジェル,牝3,54,武豊,01:39.3,クビ,4,14,38.1,4月4日,美浦堀井,438(+6)
13,3,6,タイキルークス,牡3,55,☆菊沢,01:39.6,2,12,143,38.2,4月5日,美浦菊沢,508(-4)
14,7,13,シゲルミカヅキ,牡3,56,江田照,01:39.8,1.1/4,13,155.4,38.1,9月9日,美浦伊藤圭,448(-4)
15,2,4,コードジェニック,牡3,56,加藤,01:40.2,2.1/2,14,274.7,39.1,2月2日,栗東杉山,492(-2)
16,2,3,ノクターンノーツ,牝3,54,福永,01:40.8,3.1/2,9,60,39.7,1月1日,栗東中内田,480(-10)
1,7,13,ネイジュ,牝3,54,武藤,01:22.7,,7,29.3,36,1月1日,美浦中川,434(-10)
2,1,2,フィオーレカフェ,牝3,54,柴田善,01:22.7,クビ,9,95.7,34.5,7月5日,美浦和田勇,408(+2)
3,6,12,デイトライン,牝3,54,ルメー,01:22.8,クビ,1,1.9,34.6,5月5日,美浦高橋文,446(+6)
4,3,5,ヨンウォニ,牝3,54,木幡巧,01:22.8,アタマ,10,96.7,34.4,7月7日,美浦田中清,432(0)
5,4,7,ブンロート,牡3,56,大野,01:23.2,2.1/2,2,4.2,35.4,2月2日,美浦牧,514(+6)
6,7,14,ザンセツ,牡3,56,内田博,01:23.3,クビ,3,4.7,34.7,10月10日,美浦古賀慎,434(+6)
7,8,15,マヤチャン,牝3,54,田辺,01:23.4,3月4日,4,8.8,34.6,12月12日,美浦中舘,416(-14)
8,5,9,ネイチャークイーン,牝3,53,☆野中,01:23.4,クビ,6,27.1,35.6,2月2日,美浦根本,412(-12)
9,1,1,ノボユキ,牝3,54,ミナリ,01:23.7,1.1/2,8,44.2,35.7,4月4日,美浦尾関,438(-6)
10,2,4,ミスファビュラス,牝3,54,吉田豊,01:23.7,アタマ,11,105.6,35,10月10日,美浦古賀史,464(+6)
11,2,3,トレンディー,牡3,55,☆菊沢,01:24.7,6,14,353.4,36.2,5月7日,美浦佐藤,460(+12)
12,6,11,ネネサマ,牝3,54,横山和,01:24.9,1.1/4,5,24,36.5,7月7日,美浦勢司,456(-2)
13,3,6,ニシノルーチェ,牝3,54,江田照,01:25.5,3.1/2,12,168.5,36.4,12月14日,美浦高木,454(-2)
14,5,10,アプローズパワー,牝3,54,伊藤,01:25.7,1.1/2,15,402.8,36.8,12月12日,美浦金成,434(+10)
15,8,16,キタノストラーダ,牝3,54,田中勝,01:31.1,大,13,187.3,39.2,15-15,美浦石栗,404(0)
1,3,4,ロッタチャンセズ,牝3,54,石橋脩,01:51.5,,4,7.4,34.2,2004/4/4,美浦堀,390(0)
2,7,11,タツオウカケンラン,牝3,54,岩田康,01:51.5,クビ,3,6.9,34.5,2001/1/1,栗東鮫島,430(0)
3,6,10,メイショウカイコウ,牡3,56,柴田善,01:51.5,アタマ,6,31.3,34.2,2002/5/4,美浦和田勇,426(0)
4,3,3,アルベロベッロ,牡3,56,ルメー,01:51.8,1.1/2,1,1.8,34.3,2006/8/7,美浦堀,508(0)
5,5,7,マイネルロベルト,牡3,56,宮崎,01:52.0,1.1/4,7,37.8,34.1,13-13-11,美浦上原,430(0)
6,4,5,クラウンフォース,牡3,56,木幡巧,01:52.1,3月4日,5,15.6,34.7,2005/5/6,美浦牧,526(0)
7,1,1,メイプルスター,牡3,56,横山和,01:52.3,1.1/4,8,44.9,34.4,2009/11/11,美浦高市,478(0)
8,7,12,ジュウワンエース,牡3,56,大野,01:52.4,3月4日,10,102.8,34.5,2012/11/11,美浦新開,400(0)
9,8,14,グレースケール,牝3,54,石川,01:52.7,2,11,139,35.6,2006/2/2,美浦相沢,404(0)
10,2,2,ショウナンハリマオ,牡3,56,田辺,01:53.0,1.1/2,2,4.5,35.4,2009/9/7,美浦国枝,498(0)
11,8,13,スマイルフェイス,牝3,54,伊藤,01:53.3,1.1/2,9,51.2,36.2,2002/2/2,美浦金成,500(0)
12,5,8,ブローガンダーツ,牝3,53,☆野中,01:53.5,1.1/2,12,177.4,35.8,2009/9/10,美浦土田,396(0)
13,4,6,マラビジョーソ,牡3,56,吉田豊,01:58.2,大,13,201,38.8,14-14-14,美浦高橋文,452(0)
14,6,9,デルマヒスイ,牝3,54,菅原隆,02:02.7,大,14,206,45.1,2006/5/7,美浦堀井,432(0)
1,3,5,ヘイワノツカイ,牡4,57,石橋脩,01:33.8,,2,3.8,35.5,3月3日,美浦相沢,460(0)
2,7,13,レディードリー,牝4,55,柴田善,01:33.8,ハナ,8,28.9,35.2,6月5日,美浦深山,444(+4)
3,6,12,レッドヴァール,牝5,55,ルメー,01:33.8,アタマ,1,1.9,35.6,2月2日,美浦鹿戸,470(-2)
4,2,3,カンパーニャ,牡4,57,北村宏,01:33.8,アタマ,10,42.1,34.4,15-15,美浦畠山,450(+5)
5,4,7,ウエスタンランポ,牝4,54,☆菊沢,01:34.0,1.1/4,16,256.3,35.2,8月9日,美浦深山,404(-4)
6,6,11,オフウィドゥス,牡4,56,丸山,01:34.1,1月2日,3,13.4,35.2,10月14日,美浦木村,534(+8)
7,5,10,トウカイオルデン,牡5,57,大野,01:34.2,1月2日,11,47,35.2,10月11日,美浦菊川,488(+12)
8,4,8,サクステッド,セ5,57,津村,01:34.3,3月4日,6,15.2,35.6,11月7日,美浦小西,496(+14)
9,7,14,シャンデフレーズ,牝4,55,フォー,01:34.4,1月2日,7,16.6,35.7,6月7日,美浦中舘,422(+6)
10,8,16,クィーンビー,牝7,55,岩田康,01:34.6,1.1/4,15,253.5,35,16-16,美浦田中清,508(+14)
11,1,1,ダイイチターミナル,牡6,57,江田照,01:34.8,1.1/2,9,30.2,35.6,13-13,美浦高市,478(+10)
12,3,6,パラレルキャリア,牝4,55,Ｍデム,01:34.9,3月4日,4,13.8,36.4,5月5日,美浦加藤征,440(-2)
13,8,15,アイアムヒメ,牝5,55,田中勝,01:35.2,1.3/4,13,174.3,36.9,3月3日,美浦菊川,454(+2)
14,1,2,フジマサディープ,牡4,56,☆野中,01:35.3,クビ,5,14.9,37.2,1月1日,美浦菊川,500(0)
15,2,4,レーヌジャルダン,牝6,55,武藤,01:35.4,1月2日,12,95.2,36.1,11月13日,美浦高柳瑞,454(+14)
16,5,9,ボニーソックス,牝4,55,ミナリ,01:37.1,大,14,234.6,38.1,9月11日,美浦矢野,446(+3)
1,8,16,アイアムピッカピカ,牝4,55,柴田善,01:25.6,,2,4.6,36.3,3月3日,美浦奥平,452(0)
2,3,6,イベリスリーフ,牝4,55,フォー,01:25.8,1,7,13.9,36.7,1月1日,美浦中舘,458(+8)
3,7,14,スマイルプリティ,牝6,55,宮崎,01:26.0,1,16,276.6,36.8,2月2日,美浦本間,492(+10)
4,4,8,ネイビーアッシュ,牝5,55,津村,01:26.2,1.1/4,8,17.5,36.1,10月10日,美浦萩原,492(+8)
5,2,3,グレイスアン,牝4,55,福永,01:26.5,2,1,3.2,37,5月4日,美浦斎藤誠,488(-2)
6,8,15,タツオウカランブ,牝5,55,吉田豊,01:26.5,ハナ,9,39.6,36.3,12月12日,美浦古賀史,492(-2)
7,7,13,アンジェリーブル,牝4,55,横山典,01:26.5,ハナ,3,5,36,14-14,美浦藤原辰,450(-6)
8,5,9,アテンフェアリー,牝4,55,岩部,01:26.8,1.3/4,5,10.1,37,8月7日,美浦萱野,460(-4)
9,6,12,コウジンシックス,牝4,55,武藤,01:27.3,3,12,156.1,36.9,13-13,美浦和田雄,422(-18)
10,5,10,スターアイランド,牝4,55,内田博,01:27.3,ハナ,11,72.2,37.8,6月4日,美浦古賀慎,422(-1)
11,4,7,マーチャンスルー,牝4,54,☆菊沢,01:27.3,アタマ,14,185.4,37.8,3月4日,美浦堀井,436(-6)
12,6,11,ホウオウモントレー,牝4,55,丸山,01:27.5,1.1/4,4,7.3,37.6,8月7日,美浦矢野,492(-6)
13,2,4,フィリーズラン,牝4,55,木幡巧,01:27.6,1月2日,6,12.2,36.9,16-15,美浦牧,428(0)
14,3,5,コスモフェリーク,牝5,55,横山和,01:27.7,1月2日,15,204.7,37.1,14-15,美浦天間,452(+10)
15,1,1,プリティドール,牝4,54,☆野中,01:27.8,1月2日,10,43.5,38,6月7日,美浦菊川,458(-23)
16,1,2,アポロノワキザシ,牝4,55,石川,01:28.0,1.1/4,13,157.2,37.9,10月10日,美浦岩戸,470(-8)
1,8,14,ショウナンバビアナ,牝4,54,Ｍデム,01:47.3,,6,12.9,34.2,2001/1/1,美浦上原,476(0)
2,6,11,シングフォーユー,牝4,54,ルメー,01:47.3,クビ,2,4.2,34,2003/2/3,美浦牧,466(+2)
3,8,15,アストラサンタン,牝5,55,武豊,01:47.5,1,3,5.5,34,2005/4/5,美浦戸田,466(0)
4,3,4,エバーミランダ,牝5,55,岩田康,01:47.5,ハナ,11,28.9,34.1,2003/4/3,美浦久保田,434(+6)
5,7,12,ミモザイエロー,牝4,54,吉田豊,01:47.5,クビ,8,22.3,33,15-15-15,美浦戸田,458(+2)
6,6,10,アップライトスピン,牝4,54,大野,01:47.6,1月2日,1,3,33.6,2010/10/10,美浦池上,470(-4)
7,5,8,アルミレーナ,牝6,55,石橋脩,01:47.6,クビ,4,11.3,34.4,2002/2/2,美浦国枝,456(-2)
8,7,13,テンワールドレイナ,牝5,55,津村,01:47.6,ハナ,12,35.8,33.9,2007/7/7,美浦矢野,480(+4)
9,5,9,ジョブックコメン,牝5,55,田辺,01:47.8,1,9,22.4,33.7,2012/12/11,美浦小桧山,430(+4)
10,4,6,シーオブザムーン,牝4,54,丸山,01:47.8,ハナ,10,28.4,34,2007/7/7,美浦金成,460(-2)
11,1,1,アシェット,牝5,55,ミナリ,01:48.0,1.1/4,14,142.5,33.7,2012/12/13,美浦高橋文,446(0)
12,2,3,ビックピクチャー,牝4,54,福永,01:48.1,1月2日,5,12.6,34.3,2009/7/7,栗東藤原英,412(-8)
13,3,5,クリッパー,牝5,55,フォー,01:48.1,アタマ,7,18.8,34.5,2005/4/6,美浦高橋文,494(+4)
14,2,2,グラマラスライフ,牝5,55,北村宏,01:48.9,5,13,78,34.8,2010/10/11,美浦田中博,484(0)
15,4,7,モリトシラユリ,牝6,55,内田博,01:48.9,アタマ,15,158.6,34.6,14-14-13,美浦堀井,490(+4)
1,2,3,ベストアクター,セ6,55,武豊,01:20.8,,1,4.1,33.4,15-14,美浦鹿戸,454(+4)
2,2,4,チカノワール,牝6,52,田中勝,01:20.8,クビ,10,26.8,33.7,11月11日,栗東笹田,464(+2)
3,7,14,トウカイオラージュ,牡4,55,石川,01:21.0,1.1/4,4,8,35.2,2月2日,栗東長谷川,472(0)
4,5,10,フレッチア,牡5,57,ルメー,01:21.1,クビ,3,5.7,35.3,1月1日,美浦木村,496(+4)
5,6,12,シトラスノート,牝4,52,津村,01:21.1,アタマ,6,12.4,34.7,3月3日,栗東石坂正,442(-8)
6,4,7,デスティニーソング,牝6,52,野中,01:21.1,ハナ,14,61.3,34.2,9月8日,栗東松下,456(-4)
7,3,6,ペプチドバンブー,牡5,54,柴田善,01:21.3,1.1/4,12,28.4,33.6,16-16,栗東武英,510(+4)
8,1,1,ホープフルサイン,牡4,56,江田照,01:21.3,ハナ,8,23,34.2,11月11日,美浦本間,484(-6)
9,7,13,ナンヨーイザヨイ,牡4,54,石橋脩,01:21.4,1月2日,11,27.9,34.9,5月4日,栗東松永幹,468(0)
10,1,2,ムーンチャイム,牝5,54,福永,01:21.5,1月2日,5,12.3,35,3月4日,栗東千田,456(-6)
11,8,15,アンリミット,牝5,54,城戸,01:21.5,クビ,7,13.3,34.6,9月8日,栗東清水久,474(-8)
12,6,11,ミリッサ,牝6,53,武藤,01:21.6,クビ,13,33.2,34.5,11月11日,栗東石坂正,428(-4)
13,5,9,ジョーアラビカ,牡6,56,横山典,01:21.6,アタマ,2,4.5,35,6月6日,栗東清水久,492(0)
14,4,8,ショウナンタイガ,牡4,55,吉田豊,01:21.8,1.1/4,9,25.2,35,6月7日,栗東池添兼,480(-10)
15,8,16,ウインフェニックス,牡9,55,フォー,01:22.0,1.1/2,15,63.9,34.6,14-14,美浦奥平,490(0)
16,3,5,マイネルバールマン,牡6,55,内田博,01:22.3,1.3/4,16,227.2,35.4,6月8日,美浦青木,540(-6)
1,1,1,ミヤマザクラ,牝3,54,福永,01:34.0,,2,3.8,34.3,2月2日,栗東藤原英,464(+4)
2,6,9,マジックキャッスル,牝3,54,フォー,01:34.0,クビ,4,5.8,33.4,10月13日,美浦国枝,430(+2)
3,4,5,セイウンヴィーナス,牝3,54,野中,01:34.1,3月4日,12,265.5,34.1,4月6日,美浦本間,446(0)
4,6,10,アカノニジュウイチ,牝3,54,横山典,01:34.3,1.1/4,5,7.8,33.6,14-14,美浦尾関,448(+10)
5,4,6,シャンドフルール,牝3,54,武豊,01:34.4,クビ,6,11.3,34.3,7月7日,栗東松永幹,494(-4)
6,7,12,ホウオウピースフル,牝3,54,田辺,01:34.6,1.1/4,3,4.3,34.5,7月7日,美浦大竹,476(+12)
7,8,13,チアチアクラシカ,牝3,54,吉田豊,01:34.7,3月4日,8,59.2,34.3,11月13日,美浦堀井,494(-4)
8,5,8,サナチャン,牝3,54,武士沢,01:34.7,クビ,11,236.3,34.5,9月9日,美浦武藤,420(-12)
9,7,11,アールクインダム,牝3,54,北村宏,01:34.8,1月2日,9,67.6,34.9,4月4日,美浦伊藤大,468(-4)
10,3,3,ルナシオン,牝3,54,ルメー,01:34.9,クビ,1,3.5,34.6,10月9日,美浦藤沢和,458(+8)
11,3,4,アミークス,牝3,54,岩田康,01:35.4,3,7,23.5,35.5,4月4日,美浦栗田,450(+8)
12,5,7,ヤマニンプレシオサ,牝3,54,江田照,01:35.4,アタマ,13,316.2,35,10月11日,美浦星野,462(-8)
13,2,2,メルテッドハニー,牝3,54,柴田善,01:35.5,1月2日,14,449.3,35.7,2月2日,美浦大江原,398(+2)
14,8,14,インザムービー,牝3,54,石橋脩,01:35.8,1.3/4,10,105.4,38.1,1月1日,栗東牧田,468(-12)
1,3,6,トラストロン,牝5,55,吉田豊,01:24.1,,5,11.7,36.5,9月7日,美浦高橋文,452(+8)
2,4,8,フクノグリュック,牡8,57,横山和,01:24.4,1.3/4,12,48.4,36,14-14,美浦杉浦,522(+2)
3,2,4,オールウェイズゼア,牡6,56,☆野中,01:24.4,クビ,9,29.1,36.2,12月13日,美浦高市,486(0)
4,7,14,ミスパイロ,牝6,55,石橋脩,01:24.6,1,3,4.3,36,15-15,美浦小野,486(-4)
5,5,9,ケイアイビリジアン,牡4,57,大野,01:24.6,ハナ,4,6,37.3,4月4日,美浦奥平,522(+6)
6,6,11,プタハ,牡5,57,岩田康,01:24.6,クビ,1,4,36.8,9月10日,美浦斎藤誠,532(+2)
7,8,16,クリムズンフラッグ,牡5,57,木幡巧,01:24.8,3月4日,6,11.9,37.3,8月7日,美浦青木,536(0)
8,5,10,コスモビスティー,牡5,57,津村,01:24.8,アタマ,11,45.5,36.9,11月11日,美浦松山,484(-4)
9,2,3,ベアクアウフ,牡4,57,江田照,01:25.4,3.1/2,14,216,37.3,11月12日,美浦清水英,482(0)
10,4,7,ロジヒューズ,牝5,55,内田博,01:25.8,2.1/2,10,41.2,38.8,2月2日,美浦古賀慎,484(-8)
11,6,12,カゼノドリーム,セ8,57,武士沢,01:25.8,ハナ,16,369,37.2,15-15,美浦石栗,460(-6)
12,3,5,セイウンリリシイ,牝5,55,武藤,01:26.3,3,8,27.9,39.4,2月2日,美浦水野,468(-10)
13,1,1,タマモジャイブ,牝4,54,☆菊沢,01:26.4,1月2日,2,4.2,39.5,1月1日,美浦伊藤圭,510(-4)
14,1,2,インバウンド,牝4,55,伊藤,01:27.1,4,7,20.2,39.9,4月4日,美浦林,498(+14)
15,8,15,スリーミニオン,牡5,57,村田,01:27.7,3.1/2,15,367.6,40.2,4月7日,美浦柄崎,484(+4)
16,7,13,キョウエイオビエド,牡5,57,丸山,01:30.8,大,13,140.8,43.5,4月4日,美浦勢司,482(+6)
1,2,3,マッチャパフェ,牝3,54,武藤,01:27.6,,3,4.9,38.2,1月1日,美浦林,450(+4)
2,7,14,ユウチャファスト,牝3,54,北村宏,01:28.1,3,5,7.9,38.3,6月5日,美浦中舘,456(+2)
3,8,15,ヨシノパナギア,牝3,54,丸山,01:28.2,1月2日,6,9.5,38.1,7月7日,美浦宗像,488(+2)
4,8,16,シャランドール,牝3,54,大野,01:28.3,クビ,10,69.8,37.6,12月11日,美浦大竹,458(-2)
5,3,6,ミネルバ,牝3,54,ルメー,01:28.3,アタマ,4,7,38.6,4月3日,美浦加藤征,446(+6)
6,6,11,シェーネメロディ,牝3,54,武豊,01:28.3,ハナ,2,4,38.7,2月2日,美浦伊藤大,472(+6)
7,7,13,アイヅオイワケ,牝3,53,☆野中,01:28.3,ハナ,9,54,38.6,3月3日,美浦武市,416(+6)
8,6,12,ラルナジェナ,牝3,54,ミナリ,01:28.3,アタマ,8,50.6,38.5,4月5日,美浦奥村武,434(-8)
9,3,5,ユメミルユメコ,牝3,54,菅原隆,01:28.4,1月2日,12,198.7,37.4,13-13,美浦南田,432(+6)
10,4,7,バーグマン,牝3,54,吉田豊,01:28.7,1.3/4,1,3.6,38.6,7月7日,美浦菊沢,442(-6)
11,5,10,ザハロワ,牝3,53,☆菊沢,01:29.3,3.1/2,14,347.3,38.9,9月9日,美浦天間,468(-2)
12,1,1,キタノナデシコ,牝3,54,田中勝,01:29.4,3月4日,11,83.8,38,15-15,美浦松永康,434(0)
13,2,4,リングアップ,牝3,54,Ｍデム,01:29.5,クビ,7,14.5,38.4,14-14,美浦稲垣,476(-12)
14,1,2,ジョイ,牝3,54,井上,01:29.6,3月4日,13,264.4,38.9,11月11日,美浦古賀史,452(+6)
15,4,8,ララソワニエ,牝3,54,柴田大,01:30.2,4,15,355.8,39.8,9月9日,美浦粕谷,396(-32)
1,4,8,ルヴァンヴェール,牡3,56,松山,01:20.0,,8,22.3,38.1,2月2日,美浦竹内,482(-4)
2,6,11,イデアイホマジョル,牡3,56,Ｍデム,01:20.2,1.1/4,7,18.9,38.1,3月3日,美浦和田雄,440(-8)
3,1,1,スターファイター,牡3,56,田辺,01:20.2,クビ,4,7,37.8,7月6日,美浦田島,472(-4)
4,4,7,ダウラギリ,牡3,56,石橋脩,01:20.3,1月2日,3,5.9,38.6,1月1日,美浦和田郎,504(+6)
5,8,15,グレートコート,牡3,56,ルメー,01:20.4,1月2日,2,4.5,37.9,7月8日,美浦大江原,470(+4)
6,7,13,アルジョンブラン,牡3,56,丸山,01:20.5,3月4日,1,3.1,37.5,14-13,美浦鹿戸,490(+8)
7,2,3,サンドストーム,牡3,56,石川,01:20.7,1.1/4,6,11,38.2,7月8日,美浦尾形,428(-4)
8,3,6,ペイシャハミング,牝3,54,横山和,01:20.8,3月4日,12,89.6,38,11月10日,美浦石栗,430(-2)
9,2,4,ソラン,牡3,56,吉田豊,01:20.9,1月2日,9,24.8,38.6,4月4日,美浦古賀史,524(+4)
10,5,9,コルニリア,牡3,56,嘉藤,01:21.2,1.3/4,11,46.5,38.9,4月4日,美浦大和田,442(+2)
11,8,16,エストラード,牡3,56,江田照,01:21.2,クビ,5,10.7,38.4,11月10日,美浦武市,480(+2)
12,7,14,グランドストローク,牡3,56,武藤,01:21.3,1月2日,13,95.9,38,16-15,美浦水野,448(+2)
13,1,2,シゲルメイオウセイ,牡3,56,内田博,01:21.7,2.1/2,10,34.3,38.9,10月10日,美浦松山,482(0)
14,5,10,タイニーパワー,牡3,56,柴田大,01:22.1,2.1/2,15,312.7,38.8,14-15,美浦粕谷,432(+2)
15,3,5,パシスタ,牡3,56,宮崎,01:22.3,1.1/4,14,146.2,39.3,13-13,美浦高橋祥,486(0)
16,6,12,フルートフル,牝3,53,☆野中,01:22.4,3月4日,16,376.9,40,6月6日,美浦石毛,448(+30)
1,1,1,リアンフィーユ,牝3,54,田辺,01:39.3,,1,3.1,38,10月9日,美浦斎藤誠,450(-2)
2,7,13,シャーレ,牝3,54,石橋脩,01:39.3,クビ,6,11.8,37.8,12月11日,美浦武市,452(+8)
3,8,16,ココラ,牝3,54,松山,01:39.5,1.1/4,11,41.1,38.6,4月6日,美浦大和田,452(-6)
4,7,14,パラスアテナ,牝3,54,吉田豊,01:39.9,2.1/2,4,6.6,38.4,12月11日,美浦高柳瑞,442(-8)
5,4,8,トップブランド,牝3,54,ルメー,01:40.1,1.1/4,3,5.7,39.5,2月2日,美浦伊藤圭,482(-6)
6,5,10,ディーズギャラント,牝3,54,大野,01:40.3,1.1/4,5,11.5,38.8,12月11日,美浦藤原辰,438(-6)
7,5,9,ナーシサステソーロ,牝3,54,武藤,01:40.4,1月2日,7,12.3,39.4,7月7日,美浦奥平,426(+2)
8,3,6,モアナグレイス,牝3,54,柴田大,01:40.4,クビ,15,351.6,38.3,15-14,美浦和田雄,418(0)
9,6,11,ウィップラッシュ,牝3,53,☆菊沢,01:40.4,アタマ,13,79.9,39.2,9月9日,美浦菊沢,472(-4)
10,6,12,チャームインレース,牝3,54,北村宏,01:40.5,クビ,8,18.3,39.7,3月3日,美浦中川,490(+4)
11,4,7,ベルアンブル,牝3,54,ミナリ,01:40.6,3月4日,10,36.6,39.5,8月7日,美浦奥村武,442(+8)
12,2,4,タッシーアレッタ,牝3,54,武豊,01:41.4,5,2,5.6,40.6,4月3日,美浦中舘,434(0)
13,3,5,ヨモギ,牝3,52,△木幡育,01:41.5,1月2日,14,152.7,39.1,16-15,美浦伊藤圭,404(-12)
14,2,3,クリノテルチャン,牝3,54,横山和,01:41.7,1.1/4,9,35.7,40.9,4月3日,美浦高市,482(+2)
15,1,2,シェクロエ,牝3,54,丸山,01:41.9,1.1/2,12,47.3,41.4,1月1日,美浦小野,446(+8)
16,8,15,マオノエピ,牝3,54,木幡巧,01:48.8,大,16,436,46.5,10月15日,美浦黒岩,466(-12)
1,4,7,アキノスマート,牡3,56,横山典,01:39.9,,1,3.1,38.4,1月1日,美浦田中剛,484(0)
2,7,14,レーシングマインド,牡3,56,岡田,01:40.7,5,2,5,38.6,7月7日,栗東浅見,464(0)
3,2,3,コスモオリ,牡3,56,柴田大,01:41.5,5,3,6.1,39.1,11月9日,美浦高橋祥,436(0)
4,3,5,ヤギリエピファクン,牡3,56,丸山,01:41.5,クビ,7,14.8,39.6,5月5日,美浦小西,474(0)
5,7,13,ゴールドスナイパー,牡3,56,木幡巧,01:41.7,1.1/4,9,31.1,39.8,5月5日,美浦田中剛,474(0)
6,5,9,アントルドゥメール,牝3,53,☆菊沢,01:41.9,1,5,9.4,40.1,4月2日,美浦菊沢,442(0)
7,6,12,カッティングロック,牡3,56,石橋脩,01:42.2,1.3/4,10,38.5,37.9,15-15,美浦相沢,504(0)
8,5,10,エドノスカッシュ,牝3,54,内田博,01:42.5,2,12,74.5,40.2,9月9日,美浦松山,476(0)
9,1,1,ヨドノウイング,牡3,56,柴田善,01:43.1,3.1/2,8,20.3,39.3,14-13,美浦中野,480(0)
10,4,8,ロングイ,牡3,56,井上,01:43.3,1.1/4,16,202.2,40.1,11月13日,美浦伊藤大,492(0)
11,2,4,クックテソーロ,牡3,56,鮫島良,01:43.8,3,15,130.1,41.6,8月7日,美浦和田雄,476(0)
12,8,15,シゲルガラテア,牡3,56,村田,01:44.3,3,13,84.9,42.6,2月2日,美浦水野,486(0)
13,1,2,マリノスペクトル,牝3,54,伊藤,01:44.4,1月2日,11,54.7,41,12月12日,美浦林,464(0)
14,6,11,ノーブレイナー,牡3,56,石川,01:45.5,7,14,86.6,43.7,3月2日,美浦蛯名,454(0)
15,8,16,ジュンスターリッチ,牝3,54,松山,01:46.7,7,6,10.3,42.9,10月13日,美浦畠山,458(0)
16,3,6,アラーラム,牝3,54,北村宏,01:49.1,大,4,7.6,40,16-16,美浦上原,458(0)
1,7,14,フェアリーグルーヴ,牝3,54,丸山,01:50.2,,7,43.6,35.6,9-14-13,美浦高橋文,440(+10)
2,1,2,セイウンノワール,牝3,54,田中勝,01:50.2,クビ,6,39.4,36.4,2001/1/1,美浦尾形,506(-4)
3,8,16,ブランシュフルール,牝3,54,ルメー,01:50.3,1月2日,2,3.4,35.8,2015/10/10,美浦大竹,450(+10)
4,3,5,クロトノーナ,牝3,54,石橋脩,01:50.5,1.1/4,4,15.5,36.4,2008/3/4,美浦大和田,414(+12)
5,5,9,アールブリッツ,牡3,56,木幡巧,01:50.8,1.1/2,3,9.4,36.9,2002/2/2,美浦伊藤大,526(+6)
6,1,1,テンカビト,牡3,56,横山和,01:51.1,1.3/4,13,125.3,36.1,16-14-16,美浦小野,496(-14)
7,7,13,アンティシペイト,牡3,56,武豊,01:51.1,クビ,1,1.7,36.8,2007/10/7,美浦国枝,496(+10)
8,8,15,ユイノリオン,牡3,56,吉田豊,01:51.3,1,12,111.6,36.4,11-14-15,美浦尾関,438(0)
9,3,6,サトノバシリス,牝3,54,田辺,01:51.3,ハナ,11,95.6,37,2011/6/7,美浦奥村武,438(+2)
10,4,7,コスモクウ,牡3,56,柴田大,01:51.4,3月4日,10,64.9,37,2011/10/9,美浦上原,464(+6)
11,6,11,ルピナスガーデン,牝3,54,武藤,01:51.5,3月4日,14,333.3,37.6,2003/3/2,美浦竹内,466(+2)
12,2,4,クラウンララファル,牡3,55,☆菊沢,01:51.7,1.1/2,15,407.2,37.2,2003/6/10,美浦田島,472(+10)
13,2,3,クロワルース,牝3,54,北村宏,01:51.8,クビ,5,17,37.6,2003/5/5,美浦古賀慎,480(+10)
14,5,10,マイネルスタイル,牡3,56,ミナリ,01:51.9,3月4日,9,44.9,37.7,2003/6/5,美浦小笠,474(+2)
15,6,12,スノージュエリー,牝3,53,☆野中,01:52.1,1.1/4,8,44.3,37.4,11-13-13,美浦根本,440(-6)
16,4,8,ドナグラツィア,牝3,54,菅原隆,01:52.9,5,16,424.7,38.4,2009/9/10,美浦畠山,412(0)
1,4,5,ヴェスターヴァルト,牡3,56,ルメー,01:23.0,,3,3.9,35,9月7日,美浦加藤征,464(-2)
2,1,1,グランチェイサー,牡3,56,石橋脩,01:23.2,1,5,12.7,34.5,13-13,美浦矢野,456(+10)
3,4,6,コウソクスピード,牡3,56,丸山,01:23.5,1.3/4,4,11.9,34.9,13-13,美浦中舘,520(+10)
4,7,11,モーベット,牝3,52,△木幡育,01:23.5,クビ,2,3.7,35,12月12日,美浦藤沢和,458(+4)
5,3,3,セイウンパワフル,牡3,56,ミナリ,01:23.6,クビ,10,34.8,35.3,11月10日,美浦斎藤誠,472(-6)
6,3,4,ヴァルナ,牡3,56,幸,01:23.6,ハナ,6,12.8,36,3月3日,栗東寺島,478(+2)
7,5,8,アメージングサン,牡3,56,Ｍデム,01:23.8,1.1/2,1,3.7,36.4,1月1日,美浦奥村武,466(+10)
8,8,14,コスモカルナック,牡3,56,柴田大,01:23.9,クビ,9,21.5,35.6,9月10日,美浦菊沢,472(0)
9,6,10,タケルラスティ,牡3,56,松山,01:24.2,2,7,16,36.6,3月3日,栗東矢作,496(0)
10,8,13,ロードエクスプレス,牡3,56,石川,01:24.5,2,8,19.4,36.6,5月5日,栗東坂口,448(+2)
11,2,2,カップッチョ,牡3,56,江田照,01:24.7,1,11,78.3,36.9,7月5日,美浦高市,456(0)
12,6,9,プライモーディアル,牡3,55,☆野中,01:25.0,1.3/4,12,99.6,37.5,2月2日,美浦黒岩,490(+8)
13,7,12,インザムード,牡3,56,岡田,01:25.2,1.1/2,13,243.7,37.1,7月7日,栗東浅見,476(-4)
14,5,7,リュウノゾロ,セ3,56,菅原隆,01:25.4,1.1/4,14,274.4,37.3,5月7日,美浦小野,460(-20)
1,3,6,リトルモンスター,牝4,55,ルメー,01:38.0,,1,2.4,37.5,7月5日,美浦武井,480(+10)
2,8,16,ヴィーダ,セ5,57,木幡巧,01:38.1,3月4日,5,13.1,38.1,2月2日,美浦堀井,436(-6)
3,6,11,ダンスメーカー,牡5,57,武藤,01:38.3,1.1/4,4,12.5,37.5,12月9日,美浦戸田,490(+2)
4,2,4,ペイシャキュウ,牝4,54,☆野中,01:38.3,アタマ,2,3.7,37.6,7月7日,美浦蛯名,424(0)
5,6,12,ロブラリア,牝5,55,江田照,01:38.4,3月4日,7,16.2,37.2,14-13,美浦田村,476(+4)
6,2,3,セイカヤマノ,牡4,57,武士沢,01:38.5,クビ,11,30.6,37,16-15,美浦南田,500(0)
7,3,5,プリミエラムール,牝4,55,武豊,01:38.8,2,10,20.9,39,1月1日,美浦田島,444(-8)
8,8,15,ポートロイヤル,セ4,57,田辺,01:39.3,3,3,12.3,39,5月3日,美浦高柳瑞,480(+6)
9,4,8,ローリエテソーロ,牡4,57,内田博,01:39.8,3,14,196.5,38.4,14-15,美浦加藤和,524(-2)
10,7,14,サンマルフラッシュ,牡4,57,嘉藤,01:39.9,1月2日,16,242.9,39,10月10日,美浦佐藤,458(-20)
11,5,10,フラベリフォーム,牡5,57,田中勝,01:40.7,5,8,17.4,39.7,11月10日,美浦萩原,462(+8)
12,5,9,ミッキーセオリー,牡4,57,大野,01:41.8,7,9,20.8,41.3,4月5日,美浦久保田,464(+18)
13,1,2,クロヒョウ,牡4,57,柴田善,01:42.0,3月4日,6,15.6,41.1,7月10日,美浦小西,486(0)
14,7,13,チバタリアン,牝4,55,石川,01:42.0,クビ,15,198.5,41.4,5月7日,美浦稲垣,426(0)
15,4,7,エレガントエルフ,セ4,57,ミナリ,01:42.1,3月4日,13,186.7,40.8,12月14日,美浦高柳瑞,458(+6)
16,1,1,ボールドスパルタン,牡5,56,☆菊沢,01:43.1,6,12,131.8,42.8,3月3日,美浦大和田,472(+2)
1,2,2,サクラアリュール,牡5,57,武豊,02:11.1,,1,2.4,36.5,4-3-5-3,栗東村山,468(-2)
2,7,9,フィストバンプ,牡4,56,田中勝,02:11.5,2.1/2,7,17.3,37.2,1-1-1-1,美浦松永康,490(-2)
3,8,11,ロードリバーサル,牡4,56,Ｍデム,02:11.8,1.3/4,2,5,37.4,2-2-2-2,栗東藤岡,492(+2)
4,1,1,ネオブレイブ,牡4,56,田辺,02:11.9,クビ,10,38.7,36.6,9-9-9-9,美浦小西,508(+4)
5,7,10,ストロングライン,牡4,56,石橋脩,02:12.1,1.1/4,3,5.2,37.3,3-3-3-4,栗東西村,512(-10)
6,5,6,キタサンヴィクター,牡5,56,☆菊沢,02:12.5,2.1/2,6,13.4,37.3,8-8-8-8,栗東本田,522(+4)
7,4,4,ミラクルブラッド,牝5,55,大野,02:12.9,2.1/2,9,22.8,37.9,7-7-6-6,美浦相沢,460(+2)
8,8,12,メスキータ,牡4,56,松山,02:13.1,1.1/2,8,19.8,37.8,10-10-9-9,栗東山内,520(-2)
9,3,3,マックスアン,牡4,56,ミナリ,02:13.2,クビ,4,10.2,37.6,11-11-11-11,美浦大和田,470(0)
10,6,7,キャプチュード,牡5,57,武藤,02:13.4,1.1/4,12,121.9,37.6,12-12-12-12,美浦和田郎,486(+2)
11,5,5,ベルウッドカザン,牡4,56,柴田大,02:13.4,アタマ,5,11.2,38.5,4-6-6-6,美浦和田雄,498(0)
12,6,8,ワイルドゲーム,牡7,57,柴田善,02:13.5,3月4日,11,88,38.7,4-3-3-4,美浦石栗,490(-2)
1,2,2,サムシングジャスト,牝4,54,松山,01:48.2,,2,5.8,34.7,2012/11/6,栗東松田,506(-8)
2,5,9,サトノダムゼル,牝4,54,Ｍデム,01:48.2,クビ,1,2.6,34.7,2010/11/6,美浦堀,456(+12)
3,3,4,ロフティフレーズ,牝5,55,丸山,01:48.4,1.1/4,7,18.4,35.6,2010/2/2,美浦上原,468(-2)
4,1,1,リープフラウミルヒ,牝5,55,石川,01:48.5,1月2日,10,27.4,35.7,2001/1/1,美浦相沢,430(+2)
5,3,5,サマーセント,牝4,54,幸,01:48.5,クビ,8,18.6,34.7,2006/8/10,栗東斉藤崇,448(-4)
6,4,6,ローズテソーロ,牝4,54,武藤,01:48.6,1月2日,4,7.3,35,2004/6/8,美浦金成,458(+10)
7,4,7,リンディーホップ,牝5,55,ルメー,01:48.8,1.1/4,3,6.6,35,2006/8/10,美浦金成,484(+16)
8,5,8,ヤマカツグレース,牝6,55,横山典,01:48.9,1月2日,15,125.2,35.6,2002/4/4,栗東池添兼,464(0)
9,7,13,エリティエール,牝6,55,石橋脩,01:49.0,クビ,6,13.7,35.2,2009/8/10,美浦大竹,448(+6)
10,2,3,レオコックブルー,牝5,55,内田博,01:49.0,クビ,12,67.9,34.9,15-15-14,栗東牧田,434(-6)
11,7,12,イストワールファム,牝6,55,武豊,01:49.0,ハナ,9,23.2,35.2,14-14-10,美浦古賀慎,464(+8)
12,8,15,ブラックスビーチ,牝6,55,北村宏,01:49.4,2.1/2,11,27.5,36.5,2002/2/3,栗東角居,464(-4)
13,8,14,モアナアネラ,牝4,54,田辺,01:49.7,1.3/4,5,12.6,35.6,2012/11/14,栗東石坂正,420(-4)
14,6,10,ウインゼノビア,牝4,54,柴田大,01:50.0,1.3/4,13,92.7,36.6,2004/5/4,美浦青木,482(+22)
15,6,11,ハイヒール,牝5,55,ミナリ,01:51.1,7,14,100.7,37.5,2006/6/8,栗東清水久,454(+4)
1,4,8,ショーム,牡5,57,横山典,01:23.6,,4,6.7,35.5,12月13日,美浦鈴木伸,498(+10)
2,3,5,イーグルバローズ,牡6,57,石橋脩,01:23.7,1月2日,9,34.2,35.1,15-15,美浦堀,558(+20)
3,8,15,ベストマッチョ,セ7,58,北村宏,01:23.8,1月2日,10,35.4,36.8,3月3日,美浦手塚,500(+14)
4,6,12,ドリュウ,牡5,57,Ｍデム,01:23.9,3月4日,3,6.3,35.8,12月12日,美浦土田,450(-2)
5,8,16,ブルベアイリーデ,牡4,57,ルメー,01:23.9,クビ,2,3.8,36.6,4月4日,栗東杉山,492(0)
6,3,6,サヴィ,牡6,57,ミナリ,01:24.0,1月2日,7,18.7,36.7,4月4日,栗東中内田,468(+4)
7,7,14,ロードグラディオ,牡4,57,丸山,01:24.3,1.3/4,5,13.8,36.7,6月6日,栗東西浦,486(0)
8,2,3,ラプタス,セ4,57,幸,01:24.6,2,1,3.1,37.8,1月1日,栗東松永昌,462(-2)
9,6,11,サングラス,牡9,59,石川,01:24.6,クビ,16,201,36.2,13-14,栗東谷,510(+2)
10,2,4,アキトクレッセント,牡8,59,大野,01:24.7,3月4日,15,137.4,37.2,6月6日,栗東清水久,508(0)
11,4,7,ノーブルサターン,牡6,57,鮫島良,01:24.8,1月2日,12,45.8,36.9,9月8日,栗東牧浦,508(0)
12,5,9,タガノアム,牝5,55,岡田,01:24.9,1月2日,8,28.6,36.9,9月10日,栗東浅見,480(-6)
13,5,10,ロワアブソリュー,牡7,59,吉田豊,01:25.4,3,13,70.4,37.4,9月10日,栗東須貝,516(-2)
14,1,1,クリノケンリュウ,牡6,57,武藤,01:25.4,クビ,11,44.1,37.6,6月8日,栗東藤沢則,508(0)
15,7,13,トミケンキルカス,牡8,57,田辺,01:26.8,9,14,102.5,39.9,2月2日,美浦大和田,518(+2)
1,6,6,ダーリントンホール,牡3,56,ルメー,01:49.6,,3,6,34.1,2004/4/3,美浦木村,526(+2)
2,2,2,ビターエンダー,牡3,56,ミナリ,01:49.6,ハナ,4,14.1,34.3,2002/1/1,美浦相沢,460(-10)
3,7,7,フィリオアレグロ,牡3,56,Ｍデム,01:50.3,4,2,4.6,34.6,2002/4/5,美浦堀,490(+18)
4,8,8,マイラプソディ,牡3,57,武豊,01:50.3,アタマ,1,1.5,34.3,2006/7/7,栗東友道,508(-2)
5,3,3,ココロノトウダイ,牡3,56,丸山,01:50.4,1月2日,5,14.6,34.9,2001/2/3,美浦手塚,528(+12)
6,4,4,シングンバズーカ,牡3,56,柴田善,01:50.4,ハナ,7,32.5,34.6,2006/4/5,美浦高市,474(+6)
7,1,1,エン,牡3,54,柴田大,01:51.4,6,6,25,36,2004/2/2,地方河津裕,466(+3)
8,8,9,シコウ,牡3,56,木幡巧,01:51.5,1月2日,8,217.5,35.4,2006/9/7,美浦牧,456(-4)
9,5,5,アジュバント,牡3,56,幸,01:52.0,3,9,258.1,36,2009/7/7,美浦上原,452(-2)
1,7,10,ニシノカツナリ,牡4,57,田辺,01:35.1,,1,3.6,34.8,9月9日,美浦水野,480(+4)
2,6,7,パルマリア,牡5,57,丸山,01:35.4,2,3,4.5,35.5,6月5日,美浦武井,534(+6)
3,8,12,ロザムール,牝4,55,北村宏,01:35.5,クビ,6,13.5,36.2,1月1日,美浦上原,482(-2)
4,6,8,サトノフォース,牡4,57,ルメー,01:35.6,1月2日,2,3.9,35.5,7月7日,美浦藤沢和,460(+4)
5,4,4,ステイオンザトップ,牡6,57,Ｍデム,01:35.6,ハナ,4,4.6,36,2月2日,栗東須貝,476(+4)
6,8,11,ソーラーフレア,牡5,57,松山,01:35.8,1.1/4,7,21.2,35.6,7月7日,美浦高柳瑞,458(-2)
7,1,1,エイムアンドエンド,牡5,57,石橋脩,01:35.9,1月2日,8,28.3,36.1,3月5日,美浦奥村武,500(+6)
8,5,6,ショワドゥロワ,牡6,57,武豊,01:36.0,1月2日,10,50.5,35.7,9月9日,美浦鹿戸,520(+12)
9,2,2,エメラルスター,牡6,57,石川,01:36.3,2,9,39.3,36.7,4月2日,美浦相沢,462(0)
10,5,5,ナンヨーマーズ,牡6,55,△木幡育,01:36.4,クビ,11,211.1,35.6,12月11日,美浦杉浦,464(+4)
11,7,9,スワンボート,牡10,57,幸,01:37.9,9,12,321.2,37.2,11月11日,美浦浅野,488(-6)
12,3,3,アンブロークン,牡4,57,武藤,01:39.7,大,5,13,40,4月2日,美浦手塚,514(-4)
1,3,5,クールマキシマム,牝3,54,嘉藤,01:25.8,,1,3,36.6,4月4日,美浦奥平,474(-4)
2,2,4,ディアコニア,牝3,54,フォー,01:26.7,5,3,3.3,37.2,7月7日,美浦古賀慎,462(+10)
3,7,14,ナーラック,牝3,53,☆菊沢,01:26.7,アタマ,5,17.2,37.8,2月2日,美浦柄崎,442(-2)
4,8,16,トリッチトラッチ,牝3,54,田辺,01:27.5,5,2,3.3,37.2,14-14,美浦伊藤圭,420(0)
5,3,6,ハワイアンムーン,牝3,54,ミナリ,01:27.8,1.3/4,6,22.6,38.9,1月1日,美浦鹿戸,456(-6)
6,7,13,アオイサンゴショウ,牝3,54,武藤,01:28.1,2,13,182.8,38.2,9月9日,美浦田中清,430(+14)
7,2,3,セイレーンズベルン,牝3,54,北村宏,01:28.4,1.3/4,7,29.4,39.2,4月4日,美浦加藤和,416(+4)
8,1,1,ロマンスストーリー,牝3,53,☆野中,01:28.4,クビ,10,40.3,38.5,9月9日,美浦新開,436(-4)
9,1,2,キアナポラリス,牝3,54,柴田善,01:28.6,1,8,31.9,38.4,12月13日,美浦国枝,434(+2)
10,4,8,タマサイ,牝3,54,江田照,01:28.8,1.1/2,14,237,38.7,11月11日,美浦尾関,430(+4)
11,5,10,サツキオーゴン,牝3,54,藤井勘,01:28.9,クビ,15,322.6,39.9,2月2日,美浦石栗,422(+4)
12,4,7,セブンシースケイプ,牝3,54,横山和,01:29.0,1月2日,12,151.5,38.6,14-15,美浦勢司,452(0)
13,8,15,ルージュキッス,牝3,54,宮崎,01:29.2,1.1/2,11,108.1,39.1,12月11日,美浦和田雄,438(+8)
14,6,11,ベスティー,牝3,52,△木幡育,01:30.0,5,16,363.9,39.1,16-16,美浦林,464(-6)
15,6,12,ミッキーベル,牝3,54,横山典,01:30.7,4,9,40.2,41,7月8日,美浦菊沢,416(-14)
16,5,9,グリエクレール,牝3,54,津村,01:31.5,5,4,12.1,42.3,4月4日,美浦菊沢,452(+6)
1,1,2,リュードマン,牡3,56,横山典,02:16.7,,4,7.8,38.8,3-3-4-4,美浦中川,472(+2)
2,3,6,ロドルフォブレイン,牡3,56,石橋脩,02:16.8,3月4日,2,5,39,3-3-3-3,美浦尾関,526(-4)
3,6,11,トップリーチ,牡3,56,横山和,02:17.0,1,11,63.9,38.7,14-13-7-7,美浦萱野,438(-8)
4,2,4,ケイアイタカプナ,牡3,56,江田照,02:17.1,1月2日,10,48.6,39.8,2-2-2-1,美浦田村,462(0)
5,4,8,ショウナンアクア,牡3,56,吉田豊,02:17.4,2,3,5,38.4,11-11-11-12,美浦古賀史,472(-2)
6,4,7,サバイバルボス,牡3,56,内田博,02:17.7,1.3/4,15,320.6,38.6,12-11-13-13,美浦和田雄,500(+6)
7,5,9,キークラウン,牡3,55,☆野中,02:17.8,1月2日,7,20.9,39.1,16-13-9-9,美浦黒岩,492(-2)
8,2,3,スウィング,牡3,56,田辺,02:17.9,クビ,5,8.4,39.5,5-5-8-8,美浦高柳瑞,480(+2)
9,5,10,ワンダーサーイター,牡3,56,菅原隆,02:17.9,ハナ,16,434.4,38.6,12-13-13-15,美浦畠山,452(-4)
10,3,5,ユーアーマイソウル,牡3,56,嘉藤,02:18.0,3月4日,13,141.5,40.7,1-1-1-2,美浦伊藤伸,486(-2)
11,8,15,ソルメンシス,牡3,55,☆菊沢,02:18.2,1.1/4,12,80.9,39.5,8-8-9-9,美浦菊川,492(-4)
12,7,14,レオファイナリスト,牡3,56,木幡巧,02:18.7,3,1,2.7,40.8,5-5-4-4,美浦牧,474(-2)
13,1,1,クラウンマハロ,牡3,56,武藤,02:19.0,2,9,47.3,39.9,10-10-13-13,美浦尾形,510(+6)
14,8,16,ボントンルレ,牡3,56,丸山,02:19.0,ハナ,8,32.5,41,5-5-4-4,美浦林,468(+2)
15,6,12,ジョウハリ,牡3,56,武士沢,02:19.1,1月2日,14,205.9,39.7,14-13-16-15,美浦田島,438(+6)
16,7,13,オルプランタン,牝3,54,ミナリ,02:20.7,10,6,12.1,41.9,9-8-11-9,美浦田中清,424(-6)
1,8,15,プロヴィデンス,牡3,56,田辺,01:25.3,,2,4.6,36.6,1月1日,美浦加藤士,476(-4)
2,6,12,ブランクチェック,牝3,54,フォー,01:25.7,2.1/2,4,6.5,36.4,6月7日,美浦栗田,482(+2)
3,8,16,パルディエス,牡3,56,横山典,01:25.7,アタマ,1,3.2,36.7,3月3日,美浦田中博,464(+6)
4,7,14,トリプルシックス,牝3,54,横山和,01:25.8,クビ,10,39.8,37,2月2日,美浦古賀史,466(-2)
5,3,6,インウィクトス,牡3,56,Ｍデム,01:26.2,2.1/2,3,5.9,37.2,3月3日,美浦小桧山,458(-6)
6,4,8,カイアワセ,牝3,54,武士沢,01:26.3,クビ,6,13,37.2,3月3日,美浦星野,436(0)
7,2,4,ダイチヴィット,牡3,56,江田照,01:26.3,クビ,12,44,36.8,10月9日,美浦竹内,454(-2)
8,5,9,スズカコーズマンボ,牡3,56,北村宏,01:26.4,3月4日,5,11.4,36.1,15-15,美浦伊藤圭,468(-8)
9,1,1,バウンティハンター,牡3,56,黛,01:26.5,1月2日,8,25.7,36.6,12月11日,美浦藤原辰,480(-4)
10,1,2,アポロセイラン,牡3,56,吉田豊,01:26.6,3月4日,14,95.9,36.5,13-13,美浦中舘,452(0)
11,2,3,ニシノホライゾン,牡3,56,丸山,01:26.7,クビ,11,39.9,37.4,8月7日,美浦的場,514(+4)
12,7,13,ドンマニフィコ,牡3,56,石橋脩,01:26.8,1月2日,9,27,37.7,6月3日,栗東牧浦,436(+2)
13,6,11,テンサイドカップ,牝3,54,内田博,01:26.8,アタマ,7,16.7,37.3,10月9日,美浦矢野,470(+4)
14,4,7,クリアミッション,牡3,56,大庭,01:26.9,3月4日,13,67.5,36.8,15-13,美浦土田,506(0)
15,3,5,ハディア,牡3,55,☆菊沢,01:28.3,8,15,140.1,38.4,9月11日,美浦粕谷,464(-4)
16,5,10,エコロアーサー,牡3,55,☆野中,01:29.3,6,16,322.7,38.9,13-15,美浦武市,452(-2)
1,8,16,パイロテクニクス,セ4,57,川田,01:38.2,,1,2.2,36.3,5月5日,美浦武藤,506(-6)
2,4,7,シングシングシング,牝5,55,武藤,01:38.3,3月4日,2,4.1,37.1,1月1日,美浦伊藤大,476(-4)
3,8,15,マイネルレンカ,牡6,57,フォー,01:38.7,2.1/2,9,54.7,37.4,2月2日,美浦堀井,470(+6)
4,4,8,チェリートリトン,牡6,57,田辺,01:38.8,クビ,5,9.2,37.3,3月3日,美浦小西,490(+2)
5,3,6,ショーヒデキラ,牡4,57,津村,01:39.2,2.1/2,4,8.4,37.1,7月7日,美浦鈴木伸,482(-4)
6,7,13,モリノカワセミ,牝4,55,江田照,01:39.4,1.1/2,6,12,36.9,9月9日,美浦大江原,464(+10)
7,1,2,オープンザウェイ,セ8,57,木幡巧,01:39.5,クビ,11,59.8,36.1,16-15,美浦菊川,474(+2)
8,7,14,ヴィーヴルサヴィ,セ5,56,☆野中,01:39.6,3月4日,13,189.4,37.9,4月4日,美浦林,510(+6)
9,2,3,ニューツーリズム,牡4,57,Ｍデム,01:39.7,1月2日,3,8.4,36.8,12月13日,美浦黒岩,510(+2)
10,5,10,ハンドリー,牝5,55,ミナリ,01:39.8,クビ,10,56.6,37,11月11日,美浦青木,464(0)
11,6,12,アミュリオン,牡4,57,黛,01:39.8,ハナ,12,105.9,37.3,9月9日,美浦藤原辰,472(+6)
12,1,1,ゴルトグランツ,牡4,56,☆菊沢,01:40.0,1.1/4,14,213.5,37.8,7月8日,美浦萱野,470(-18)
13,5,9,ナムラブル,牡4,57,横山典,01:40.3,2,7,28.8,37.3,14-14,美浦石栗,478(0)
14,3,5,スズカアポロ,牡9,55,△木幡育,01:41.9,10,16,291.6,39,11月12日,美浦柄崎,484(+14)
15,6,11,ストライクショット,牝7,55,田中勝,01:43.5,10,15,263.2,41.5,5月6日,美浦石毛,506(-6)
16,2,4,コングールテソーロ,牡4,57,内田博,01:43.8,1.3/4,8,44.2,40.4,14-15,美浦奥平,480(0)
1,7,14,クロノメーター,牡3,56,田辺,01:35.1,,1,2.9,35,5月5日,美浦尾形,442(+6)
2,8,16,ノーエクスキューズ,牡3,56,丸山,01:35.3,1.1/2,5,8.3,35,10月7日,美浦和田郎,496(+4)
3,3,5,ロジアイリッシュ,牝3,54,川田,01:35.7,2.1/2,4,6.7,35.3,8月7日,美浦国枝,492(-2)
4,1,2,ダイワミラクル,牡3,56,北村宏,01:35.8,3月4日,2,3.8,35.3,10月10日,美浦鹿戸,494(-6)
5,7,13,オメガエリタージュ,牡3,56,池添,01:36.0,1,7,16,36.1,2月2日,美浦斎藤誠,444(-4)
6,1,1,スリジエ,牝3,54,ミナリ,01:36.2,1.1/2,8,41.9,36.2,4月4日,美浦奥村武,480(+12)
6,5,10,スピードオブラブ,牝3,54,吉田豊,01:36.2,1.1/2,3,6,36.3,2月2日,美浦中川,432(-4)
8,2,4,ヒナノコバン,牡3,56,柴田善,01:36.5,1.3/4,14,254.3,36.2,7月7日,美浦本間,452(+2)
9,6,11,ナックペガサス,牡3,56,横山和,01:36.5,ハナ,15,271.6,35.8,13-13,美浦杉浦,450(+2)
10,4,8,エースインザハート,牡3,56,嘉藤,01:36.5,クビ,13,251.5,36.4,5月5日,美浦大江原,448(0)
11,4,7,キタノポケット,牝3,52,△木幡育,01:36.6,クビ,9,50.5,35.6,14-15,美浦深山,376(-6)
12,8,15,ノーブレスサンデー,牡3,56,菅原隆,01:36.9,1.3/4,16,636.6,36.4,10月10日,美浦清水英,448(+20)
13,3,6,エリーストーム,牝3,53,☆野中,01:37.2,2,11,94.4,37.4,1月1日,美浦本間,430(+8)
14,6,12,トーセンオリジン,牡3,56,田中勝,01:37.3,1月2日,10,64.9,36.5,14-13,美浦宗像,452(+10)
15,5,9,コスモプロケッラ,牡3,56,フォー,01:38.1,5,12,116.9,37.5,8月12日,美浦蛯名,442(+2)
16,2,3,ナショナルアンセム,牝3,54,Ｍデム,01:38.2,3月4日,6,15.7,36.8,16-16,美浦矢野,444(0)
1,6,8,レッドサーシャ,牝3,54,内田博,01:50.1,,3,5.8,35.8,2009/9/9,美浦黒岩,456(0)
2,2,2,ブラックアモーレ,牝3,54,石橋脩,01:50.1,クビ,5,7.1,36.5,2002/3/3,栗東角居,464(0)
3,5,6,ワーウルフ,牡3,56,川田,01:50.3,1.1/4,1,2.8,36.6,2006/4/4,栗東斉藤崇,468(0)
4,8,12,エンドレスレイン,牡3,56,吉田豊,01:50.3,クビ,6,7.4,36.6,2004/4/4,美浦小島,484(0)
5,4,4,キングズフォース,牡3,56,Ｍデム,01:50.3,アタマ,4,6.7,36.3,2008/6/6,美浦金成,472(0)
6,1,1,ダンレアリー,牡3,56,フォー,01:50.5,1,2,5.3,37.2,2001/1/1,栗東中竹,524(0)
7,7,9,ウインフウジン,牡3,56,宮崎,01:51.8,8,9,60.3,37.7,2007/6/6,美浦上原,462(0)
8,6,7,ショウナンマルーン,牡3,56,丸山,01:52.0,1.1/4,7,17.8,36.7,2011/11/11,美浦上原,492(0)
9,5,5,ボヘミアンヒーロー,牡3,56,中谷,01:52.8,5,10,78.9,38.7,2005/6/6,栗東森田,512(0)
10,8,11,キューゴーパドック,牡3,55,☆野中,01:52.9,1月2日,11,157.4,38.1,2009/9/10,美浦根本,502(0)
11,3,3,キクノキング,牡3,56,池添,01:53.1,1.1/4,8,45.2,39.8,2002/2/2,栗東森田,486(0)
12,7,10,キティマグネット,牡3,54,△木幡育,01:58.8,大,12,180.3,41,2011/12/12,美浦和田郎,480(0)
1,8,16,グラデュエイト,牡5,57,川田,01:24.6,,1,2.1,36.4,1月1日,美浦加藤征,514(+6)
2,4,8,パイオニアバローズ,セ4,57,池添,01:25.5,5,10,33.3,37.2,2月2日,美浦木村,524(-12)
3,2,3,ポップアップスター,牡6,57,石橋脩,01:25.7,1.1/4,2,5.3,36.4,15-13,美浦金成,526(-8)
4,1,1,デルマカミカゼ,牡5,57,横山和,01:25.7,クビ,8,24.3,37.3,3月3日,美浦小野,464(-2)
5,5,9,フジノタカネ,牡4,57,丸山,01:25.8,3月4日,3,6.5,36.7,10月11日,美浦手塚,522(+2)
6,1,2,キングキャラット,牡4,55,△木幡育,01:26.1,1.3/4,13,114.7,36.7,13-14,美浦南田,516(+2)
7,7,13,コスモクウェンチ,牡6,57,武士沢,01:26.1,ハナ,9,25.1,37.3,7月6日,美浦小桧山,490(-2)
8,7,14,クラウンクラシック,牡5,56,☆野中,01:26.3,1.1/4,12,69,37.7,3月4日,美浦菊川,490(+6)
9,6,12,クワトロダッシュ,牡5,57,木幡巧,01:26.3,ハナ,5,20.5,37.1,10月11日,美浦牧,494(+4)
10,2,4,ナイスプリンセス,牝4,55,田辺,01:26.3,アタマ,7,22.1,37.3,10月9日,美浦石栗,448(+2)
11,3,6,ステラストラータ,セ5,57,柴田善,01:26.4,クビ,6,21.4,37,13-14,美浦大江原,476(-2)
12,8,15,デルマアンバリッド,牝4,55,武藤,01:26.8,2.1/2,15,282.4,37.8,3月9日,美浦堀井,482(-14)
13,4,7,カーリングストーン,牡4,56,☆菊沢,01:26.9,クビ,4,7.1,38,9月6日,美浦菊沢,476(+6)
14,6,11,モッズストーン,セ4,57,津村,01:27.1,1.1/2,11,55.2,38.3,7月6日,美浦武井,486(+4)
15,3,5,スマートグランダム,牝4,55,内田博,01:27.3,1,14,210.5,37.6,15-16,美浦加藤征,516(-2)
16,5,10,ファーベライト,牝5,55,江田照,01:30.0,大,16,409.2,41.4,3月4日,美浦高橋裕,482(-6)
1,3,3,サトノフウジン,牡3,56,石橋脩,02:01.1,,2,3.5,36.3,2004/3/4,美浦堀,470(0)
2,6,6,アメリカンシード,牡3,56,川田,02:01.3,1.1/4,1,2.2,36.5,2004/3/4,栗東藤岡,474(-2)
3,4,4,マイネルミンドール,牡3,56,津村,02:01.4,3月4日,6,32.1,36.4,2007/7/6,美浦相沢,446(+2)
4,7,7,ジェラペッシュ,牝3,54,吉田豊,02:01.7,2,4,6.8,36.8,2006/6/6,美浦尾関,446(0)
5,2,2,カンバラ,牝3,54,丸山,02:02.4,4,5,8,37.8,2002/2/2,美浦黒岩,472(-8)
6,5,5,フローズンスタイル,牝3,54,田辺,02:02.9,3,3,5,38.2,2003/3/3,美浦黒岩,450(-10)
7,1,1,ショウナンバレリオ,牡3,56,池添,02:03.7,5,7,59.8,39.2,2001/1/1,栗東池添兼,464(-4)
1,1,2,アフターバーナー,セ6,57,田辺,01:36.9,,5,9.9,36.7,11月9日,美浦伊藤圭,520(+2)
2,6,11,オンザロックス,牡7,57,川田,01:36.9,クビ,3,7,36.9,5月7日,栗東森,494(0)
3,5,10,セイヴァリアント,牡4,57,吉田豊,01:36.9,アタマ,1,3.1,36.2,14-15,美浦中川,500(+2)
4,8,16,テイエムグッドマン,牡6,57,横山典,01:37.0,クビ,2,4.5,37.3,2月2日,栗東武英,496(-2)
5,4,8,フラワーストリーム,セ5,56,☆野中,01:37.3,2,6,10.3,36.8,11月12日,美浦池上,464(-4)
6,4,7,モリトユウブ,牡5,57,内田博,01:37.4,1月2日,14,96.8,37.6,3月2日,美浦堀井,500(+6)
7,8,15,フクノグリュック,牡8,57,横山和,01:37.6,1,10,44.1,37.8,7月2日,美浦杉浦,522(0)
8,1,1,データヴァリュー,牡6,57,津村,01:37.7,1月2日,11,50.7,37.3,11月12日,美浦中舘,488(+2)
9,5,9,リードザウインド,牝5,55,武藤,01:37.9,1.1/4,12,73.4,37.9,8月7日,美浦小島,480(+14)
10,3,5,ダイワインパルス,牡8,56,☆菊沢,01:38.2,2,9,43.6,37.4,16-15,美浦宗像,482(-6)
11,2,4,ランバージャック,牡6,57,丸山,01:38.3,3月4日,13,89.7,37.8,12月14日,栗東鮫島,470(-6)
12,7,14,コスモハヤテ,牡4,57,木幡巧,01:39.2,5,15,153,39.5,3月2日,美浦小野,478(+2)
13,3,6,ヤマニンリュシオル,牝5,55,伊藤,01:39.3,1月2日,16,158.1,39.1,8月9日,美浦蛯名,476(-8)
14,2,3,スコッチリール,牝4,55,フォー,01:39.7,2.1/2,7,12.5,39.5,8月9日,美浦林,462(+10)
15,6,12,モズエロイコ,牡4,57,中谷,01:39.9,1.1/2,4,7.3,40.4,1月1日,栗東矢作,464(+2)
16,7,13,ゴールドブラッド,牡6,57,田中勝,01:40.0,クビ,8,23.5,40.3,5月2日,美浦宗像,490(-2)
1,5,10,マスターフェンサー,牡4,56,川田,02:11.4,,1,1.8,37.5,7-7-7-7,栗東角田,492(-6)
2,1,2,ウラノメトリア,セ4,55,北村宏,02:11.8,2.1/2,3,6.4,38.2,5-5-4-3,栗東矢作,488(-4)
3,7,14,アイファーキングズ,牡4,55,丸山,02:11.8,アタマ,2,5.7,38.1,5-6-4-3,栗東鮫島,492(+2)
4,1,1,フォースライン,牡6,54,フォー,02:11.9,1月2日,5,11.2,38.1,8-7-7-7,栗東吉田,512(0)
5,3,6,アドラメレク,牡6,55,田辺,02:12.3,2.1/2,6,20.9,38.3,11-11-9-9,栗東石坂正,468(+6)
6,8,16,アポロユッキー,牝6,50,伊藤,02:12.4,1月2日,16,254.1,38.3,8-9-9-10,美浦鈴木伸,532(-2)
7,2,3,スズカフリオーソ,牡6,54,横山典,02:12.6,1.1/4,4,9.9,38.2,13-14-13-12,栗東藤沢則,498(+2)
8,5,9,スペリオルシチー,牡6,54,ミナリ,02:12.8,1.1/4,14,126.6,38.7,10-9-9-10,美浦相沢,480(+16)
9,6,12,アノ,牡4,54,藤井勘,02:12.8,クビ,12,70.2,38,11-12-14-15,栗東鈴木孝,438(0)
10,3,5,ロジティナ,牡5,54,池添,02:13.1,1.3/4,8,36.9,39.8,3-1-2-2,美浦新開,542(+2)
11,8,15,アッシェンプッテル,牝4,53,城戸,02:13.1,ハナ,7,35.9,38.6,13-15-14-14,栗東奥村豊,504(-8)
12,4,8,ジュンスターホース,牡6,55,内田博,02:13.1,アタマ,9,44.4,38.3,16-16-14-15,美浦高柳瑞,484(+8)
13,6,11,オーパスメーカー,牝4,52,長岡,02:13.3,1,11,70.1,39.7,2-3-3-3,栗東羽月,474(-8)
14,4,7,スターライトブルー,牡6,53,吉田豊,02:13.3,クビ,13,124.8,40.2,1-2-1-1,美浦戸田,510(+4)
15,7,13,メイショウマトイ,牡6,54,野中,02:13.5,1.1/4,10,47.8,39.1,13-12-12-12,栗東本田,490(-4)
16,2,4,フクサンローズ,牝6,51,武藤,02:13.5,アタマ,15,164.8,39.9,3-4-4-3,美浦小西,448(-4)
1,8,16,ミライヘノツバサ,牡7,54,木幡巧,03:31.2,,16,325.5,37.4,10-10-10-10,美浦伊藤大,498(-2)
2,7,14,メイショウテンゲン,牡4,55,池添,03:31.2,ハナ,3,8.2,37.2,14-14-13-13,栗東池添兼,456(+2)
3,1,1,オセアグレイト,牡4,54,野中,03:32.0,5,2,4.9,38.7,4-4-2-2,美浦菊川,484(-4)
4,3,6,レノヴァール,牡5,54,横山典,03:32.0,ハナ,4,9.3,38.5,8-9-9-3,栗東高野,530(-2)
5,6,11,タイセイトレイル,牡5,55,中谷,03:32.5,3,5,10.9,38.8,12-12-10-7,栗東矢作,492(-8)
6,5,9,ステイブラビッシモ,牡7,52,江田照,03:33.1,3.1/2,15,159,39.4,15-15-13-7,美浦久保田,468(-8)
7,4,7,タガノディアマンテ,牡4,55,川田,03:33.3,1.1/4,1,2.1,39.2,16-16-16-15,栗東鮫島,470(-8)
8,5,10,サトノティターン,牡7,57,石橋脩,03:33.5,1.1/4,11,68.1,39.4,13-12-13-15,美浦堀,588(+8)
9,7,13,ヴァントシルム,牡6,55,Ｍデム,03:33.7,1.1/2,7,19.3,40.2,6-6-6-3,栗東須貝,480(+6)
10,1,2,ウインテンダネス,牡7,56,内田博,03:34.0,2,14,147,40,6-7-6-13,栗東杉山,512(-2)
11,2,3,ポポカテペトル,牡6,55,北村宏,03:34.2,1.1/4,8,33.1,40.7,8-7-6-3,栗東友道,486(+4)
12,2,4,ロサグラウカ,牝5,52,丸山,03:34.3,クビ,9,37.6,41.2,1-1-1-1,美浦尾関,450(0)
13,3,5,リッジマン,牡7,57,フォー,03:35.1,5,12,71.5,41.2,10-10-10-10,栗東庄野,452(+10)
14,4,8,アドマイヤジャスタ,牡4,54,田辺,03:35.4,2,13,89.9,41.8,4-4-5-3,栗東須貝,518(-2)
15,6,12,ダノンキングダム,牡6,54,津村,03:35.9,3,10,57,42,3-3-2-10,栗東安田隆,484(-4)
16,8,15,バレリオ,牡5,54,ミナリ,03:37.5,10,6,13.3,43.8,2-2-2-7,美浦相沢,500(+2)
1,8,12,ソーラーフレア,牡5,57,津村,01:21.9,,7,19.1,34.1,9月9日,美浦高柳瑞,454(-4)
2,3,3,スイーズドリームス,牡6,57,川田,01:21.9,クビ,2,3.6,34.3,6月4日,栗東須貝,504(0)
3,5,7,エスタジ,牝4,55,Ｍデム,01:22.0,1月2日,1,2.8,34.8,3月3日,美浦木村,436(+2)
4,5,6,スズカアーチスト,牝5,55,江田照,01:22.0,クビ,12,65.2,35.1,2月2日,美浦伊藤圭,470(0)
5,6,8,アイスフィヨルド,牡5,57,武藤,01:22.6,3.1/2,8,26.7,34.4,11月11日,美浦武藤,454(-2)
6,8,13,リンシャンカイホウ,牡5,57,フォー,01:22.7,クビ,10,42.1,36.8,1月1日,美浦田中剛,454(-2)
7,2,2,シセイタイガ,牡4,57,ミナリ,01:22.7,クビ,4,9.9,35,6月7日,美浦高橋文,470(+2)
8,6,9,スペキュラース,牝4,55,木幡巧,01:22.8,1月2日,9,30.2,35.3,4月4日,美浦高橋祥,458(+6)
9,7,10,イチゴミルフィーユ,牝4,55,伊藤,01:23.0,1.1/4,11,43.6,35.3,6月7日,美浦林,442(-2)
10,4,4,ココフィーユ,牝4,55,池添,01:23.1,3月4日,3,5.8,35.6,4月4日,美浦斎藤誠,440(+2)
11,4,5,クラヴィスオレア,セ4,55,△木幡育,01:23.2,1月2日,6,17.6,35.2,9月10日,美浦藤沢和,482(0)
12,1,1,プレトリア,セ5,57,田辺,01:23.2,ハナ,5,9.9,34.9,11月12日,美浦中川,460(-6)
13,7,11,ケンデスティニー,牡5,57,内田博,01:24.6,8,13,69.2,35.3,13-13,栗東森,496(0)
1,5,10,プリマジア,牡3,56,ルメー,01:25.5,,1,2.8,35.6,8月8日,美浦金成,456(+2)
2,2,4,タイキラッシュ,牡3,56,大野,01:25.5,ハナ,2,3.5,36.4,2月2日,美浦高木,508(+4)
3,4,8,ダイシンウィット,牡3,56,福永,01:26.3,5,5,11.3,37.4,1月1日,美浦小笠,494(-4)
4,8,15,ヨシオドライヴ,牡3,56,大庭,01:26.6,2,3,6.1,37.1,4月6日,美浦清水英,486(-4)
5,2,3,スイ,牝3,54,Ｍデム,01:26.7,1月2日,8,34.5,37.4,4月3日,美浦戸田,480(+2)
6,7,14,グーガルドリームズ,牡3,56,北村宏,01:26.9,1.1/4,4,7.1,36.5,14-14,美浦伊藤伸,494(-2)
7,7,13,カッチョカバロ,牡3,56,木幡巧,01:27.0,クビ,6,13.6,37.7,3月3日,美浦牧,498(+2)
8,8,16,ムーンダイアローグ,牡3,56,ミナリ,01:27.2,1.1/2,7,23.2,37,11月12日,美浦矢野,442(+6)
9,6,11,ヌンカプト,牡3,56,フォー,01:27.3,1月2日,12,96.1,37.3,11月10日,美浦矢野,454(+18)
10,3,5,ショウナンアサヤケ,牡3,56,和田,01:27.3,ハナ,11,83.6,38,4月3日,美浦武市,504(+6)
11,3,6,グロリアスブレイク,牝3,54,江田照,01:27.6,2,14,212.2,38,7月6日,美浦田島,442(-4)
12,1,1,クァンタムリープ,牡3,54,△木幡育,01:27.9,2,10,52.4,38,8月8日,美浦鹿戸,472(-2)
13,6,12,ダイワリチャード,牡3,55,☆野中,01:28.0,クビ,9,41.7,38,8月10日,美浦上原,452(+2)
14,5,9,レディトゥラン,牝3,54,佐藤友,01:29.5,9,16,311.4,38.5,15-15,美浦加藤和,420(0)
15,1,2,マイネルグッドデイ,牡3,56,津村,01:30.6,7,15,275.5,40.3,11月12日,美浦田島,494(-12)
16,4,7,アースウルフ,牡3,56,横山典,01:32.5,大,13,121.2,39.1,16-16,美浦粕谷,434(+12)
1,1,1,ミティル,牝3,54,武豊,01:26.3,,1,2,37.6,1月1日,栗東野中,498(0)
2,4,8,チョーズンワン,牡3,56,ミナリ,01:27.3,6,4,9.3,37.1,7月6日,美浦萩原,460(0)
3,6,11,ジュンハルト,牡3,56,津村,01:27.4,クビ,7,16.6,37.6,4月4日,美浦田中博,456(0)
4,2,3,キクノダンカーク,牡3,56,畑端,01:27.7,2,5,11.6,37.6,6月6日,栗東吉田,452(0)
5,3,6,スリーブラザー,セ3,56,松山,01:27.8,1月2日,3,7.5,38.6,3月3日,栗東小崎,486(0)
6,2,4,デルマラピスラズリ,牡3,56,横山和,01:27.9,1月2日,6,16,38.9,2月2日,美浦小野,508(0)
7,7,14,キタノユニヴァース,牡3,55,☆野中,01:27.9,ハナ,8,33.4,36.2,12月12日,美浦本間,500(0)
8,8,16,マベルロンジュ,牝3,54,Ｍデム,01:28.0,1月2日,2,5.1,37.9,7月6日,美浦斎藤誠,472(0)
9,5,9,ツウカイエオス,牝3,54,フォー,01:28.9,5,12,86.4,38.4,9月9日,美浦小笠,438(0)
10,4,7,ハヤト,牡3,56,長岡,01:29.1,1.1/4,11,82.2,37.8,10月11日,栗東杉山,498(0)
11,1,2,マリノコジーン,牝3,54,武士沢,01:29.7,3.1/2,13,143,38.9,10月10日,美浦水野,438(0)
12,6,12,チャーミングポポ,牝3,54,大庭,01:29.8,クビ,14,160.5,39.9,4月5日,美浦蛯名,454(0)
13,3,5,ブレイドラン,牡3,56,吉田豊,01:30.0,1,9,60.4,37.8,13-13,美浦高橋文,526(0)
14,5,10,ラインサラマンダー,牡3,56,宮崎,01:30.7,4,16,211.5,38.2,15-15,美浦蛯名,462(0)
15,8,15,ヴァリアントナイト,牡3,56,北村友,01:31.1,2.1/2,10,62.9,38.8,13-13,美浦池上,452(0)
16,7,13,ラブマリリン,牝3,54,和田,01:31.3,1,15,190.5,37.6,16-16,美浦加藤和,456(0)
1,2,4,ブレイクザボーダー,牡3,56,佐藤友,01:39.1,,6,10.4,38.3,1月1日,美浦畠山,472(-4)
2,6,12,サイモンルグラン,牡3,56,和田,01:39.3,1.1/2,5,10.4,38,7月5日,美浦勢司,500(+6)
3,8,16,サウンドトラック,牡3,56,松山,01:39.4,1月2日,4,8.4,38,7月7日,美浦尾関,506(-4)
4,1,2,ハイエストエンド,牡3,56,田辺,01:39.5,クビ,1,3.6,38.6,2月2日,美浦小西,496(-4)
5,3,5,リヴィエラボーイ,牡3,56,幸,01:39.9,2.1/2,8,24.3,38.7,5月5日,美浦松山,454(-2)
6,5,9,ディンブラ,牝3,53,☆野中,01:39.9,クビ,2,3.6,38.9,2月2日,美浦上原,474(-4)
7,2,3,リンガスウォリアー,牡3,56,北村宏,01:40.3,2.1/2,9,30.4,38.2,13-14,美浦中舘,474(-2)
8,7,14,サンダーボマー,牡3,56,北村友,01:40.3,クビ,7,23.6,38.7,9月8日,美浦土田,428(+8)
9,8,15,アベックフォルス,牡3,56,Ｍデム,01:40.8,3,3,6.2,39.8,4月2日,美浦加藤士,494(+4)
10,4,8,マイネルグランサム,牡3,56,フォー,01:40.8,クビ,14,181.3,38.9,12月11日,美浦奥村武,446(-4)
11,7,13,マイネルエスペルト,牡3,56,津村,01:41.1,1.3/4,13,45.5,39.5,9月8日,美浦水野,498(0)
12,4,7,キタノコドウ,牡3,56,江田照,01:41.4,1.3/4,12,41.6,38.6,16-16,美浦高木,472(+14)
13,6,11,エクセルマジック,牡3,54,△木幡育,01:41.5,3月4日,15,228.6,39.5,13-13,美浦深山,460(-4)
14,5,10,ナンナ,牝3,54,内田博,01:42.2,4,11,41.4,39.7,15-15,美浦国枝,482(+4)
15,1,1,ケンシ,牡3,56,木幡巧,01:42.5,2,16,252.5,40.9,5月8日,美浦黒岩,462(+8)
16,3,6,ガニアン,牡3,56,ミナリ,01:42.9,2.1/2,10,36.8,41,9月11日,美浦田村,464(+2)
1,1,2,リスペクト,牡3,56,ルメー,02:28.8,,1,1.6,35,5-5-5-5,美浦奥村武,470(+2)
2,8,16,プモリテソーロ,牡3,56,大野,02:29.0,1,2,4.5,35.5,5-5-2-1,美浦田中博,484(0)
3,8,15,コスモレペティール,牝3,54,津村,02:29.2,1.1/2,8,72.5,35.6,3-3-4-4,美浦萱野,430(-2)
4,6,11,パーディシャー,牡3,56,福永,02:29.3,1月2日,4,13.4,35.4,10-8-7-7,美浦久保田,416(-12)
5,4,8,レイコックアビー,牡3,56,和田,02:29.5,1.1/4,3,6.7,35.5,10-8-7-8,美浦大竹,496(+16)
6,2,4,アイゼングラフ,セ3,56,江田照,02:29.7,1.1/4,7,47.5,35.4,15-15-14-10,美浦金成,436(-6)
7,2,3,スキルショット,牡3,56,松山,02:29.7,クビ,6,25.1,36.2,1-1-1-2,美浦加藤士,484(+4)
8,1,1,インディードシチー,牡3,56,幸,02:29.8,クビ,9,75.6,35.1,16-16-16-14,美浦上原,494(-8)
9,5,10,リチュアルダンス,牡3,56,田辺,02:29.9,1月2日,5,13.7,35.6,10-12-10-10,美浦尾関,498(-2)
10,3,5,ワイルドフレーズ,牡3,56,内田博,02:30.1,1.1/4,10,84,35.9,8-8-10-10,美浦黒岩,474(-2)
11,4,7,ベルウッドアサヒ,牡3,56,吉田豊,02:30.2,1月2日,14,197.3,35.8,13-13-13-13,美浦武市,444(+4)
12,3,6,シゲルセイウン,牝3,54,柴田善,02:30.6,2.1/2,11,156.1,36.8,3-3-5-5,美浦石毛,406(0)
13,5,9,アトラクトボイス,牡3,56,木幡巧,02:30.7,3月4日,13,179.9,36.7,5-7-7-8,美浦土田,426(+2)
14,6,12,キングフェーヴル,牝3,53,☆野中,02:30.7,アタマ,12,173.1,37.2,2-2-2-2,美浦青木,436(-10)
15,7,13,プリティスラッガー,牝3,54,宮崎,02:32.9,大,16,344.9,38,8-8-12-15,美浦菊川,394(-10)
16,7,14,フォーチュネイト,牡3,56,田中勝,02:35.3,大,15,252.3,39.9,14-14-14-16,美浦松永康,460(-4)
1,1,1,オーロラフラッシュ,牝3,54,ルメー,01:35.2,,2,2.8,33.6,2月3日,美浦藤沢和,448(+6)
2,5,5,アオイクレアトール,牡3,56,武豊,01:35.2,クビ,1,2.1,33.8,1月1日,美浦古賀慎,466(-8)
3,3,3,レッドライデン,牡3,56,田中勝,01:35.8,3.1/2,5,11,33.8,7月7日,美浦鹿戸,480(-4)
4,6,6,エンジェルサークル,牝3,54,田辺,01:36.2,2.1/2,3,5.9,34.1,8月8日,美浦中川,440(-2)
5,8,10,ハローキャンディ,牝3,54,繁田健,01:36.5,2,7,56.3,34.9,2月3日,美浦久保田,422(-12)
6,7,7,グレイトホーン,牡3,56,丸山,01:36.6,クビ,4,10.4,34.7,5月5日,美浦根本,486(+14)
7,4,4,アドマイヤアリエル,牝3,54,福永,01:36.9,1.3/4,6,22.6,35.4,2月2日,美浦加藤征,430(+2)
8,7,8,ナーリー,牡3,56,佐藤友,01:37.3,2.1/2,8,211.4,35,8月9日,地方井上孝,462(0)
9,2,2,グランドホース,牡3,53,▲三津谷,01:38.1,5,9,256,35.4,10月10日,美浦伊藤伸,486(+4)
10,8,9,タイムカプセル,牡3,56,菅原隆,01:38.3,1.1/4,10,275.3,36.4,5月5日,美浦土田,440(-2)
1,8,11,スタンサンセイ,牡4,56,ルメー,02:13.4,,1,1.4,37.5,3-3-5-5,美浦高橋文,536(-10)
2,2,2,デストロイ,牡6,57,Ｍデム,02:13.7,1.3/4,4,11.5,38,5-5-3-2,美浦高橋裕,522(-2)
3,5,5,シャイニーロケット,牡5,55,△木幡育,02:14.1,2.1/2,11,177.6,37.6,8-8-9-9,美浦佐藤,470(+6)
4,1,1,トランスポーター,牡4,56,吉田豊,02:14.2,1月2日,2,6.7,38.5,3-3-3-2,美浦戸田,492(-2)
5,6,7,アイヅリュウコ,牡4,56,ミナリ,02:14.2,ハナ,9,90.4,38,6-6-6-6,美浦小笠,474(-6)
6,7,9,エグジットラック,牡6,57,江田照,02:14.5,2,3,7,37.8,10-10-10-10,美浦田村,518(-2)
7,4,4,ボヘミアラプソディ,牡4,56,大野,02:14.7,1.1/2,5,14.5,37.3,11-11-11-11,美浦伊藤圭,486(-2)
8,7,8,ロジポルカ,牡4,56,内田博,02:15.5,5,8,37.7,39.9,1-1-2-2,美浦菊沢,468(0)
9,6,6,ジェイケイエース,牡4,56,丸山,02:15.6,1月2日,6,17,39.4,9-9-8-6,美浦松永康,546(-2)
10,3,3,トゥービーシック,牝4,54,横山和,02:16.0,2.1/2,10,159.1,39.8,6-6-6-6,美浦古賀史,438(-4)
11,8,10,ユイノチョッパー,牡5,56,☆野中,02:16.3,1.3/4,7,37.3,40.9,2-2-1-1,美浦竹内,508(+16)
1,6,11,ミスマリア,牝4,54,ルメー,01:48.1,,1,1.7,34.4,2007/9/8,美浦栗田,460(+12)
2,7,14,カナロアガール,牝4,54,田辺,01:48.1,クビ,6,18.6,34,11-16-16,美浦田村,468(0)
3,4,7,ミトロジー,牡4,56,丸山,01:48.4,2,2,5.1,34.5,2011/12/13,美浦尾関,484(-2)
4,5,9,ペルソナデザイン,牡4,56,和田,01:48.5,1月2日,4,10.7,35,2003/5/4,美浦大竹,478(+2)
5,1,1,シャドウアイランド,牝5,55,Ｍデム,01:48.6,クビ,8,20.4,34.9,2011/12/8,美浦林,464(+6)
6,1,2,アグリューム,牝4,54,津村,01:48.8,1.1/4,3,8.9,35.1,2005/7/8,美浦武井,452(-4)
7,3,5,フィリアーノ,牡4,56,ミナリ,01:48.8,クビ,10,68.1,35.4,2007/5/4,美浦手塚,454(-4)
8,2,4,ラレゾン,牝6,55,大野,01:48.9,クビ,7,20.2,35.2,2011/9/8,美浦高木,440(+2)
9,3,6,オールステリーナ,牝5,55,武藤,01:49.1,1,15,365.3,35.3,11-15-13,美浦松山,468(+4)
10,2,3,グレンフィナン,セ5,57,福永,01:49.3,1.1/4,12,73.5,36.1,2003/2/2,美浦鹿戸,486(-2)
11,5,10,イサク,牡4,56,石橋脩,01:49.6,2,5,17.8,35.7,2011/12/13,美浦岩戸,480(+4)
12,6,12,コスモミローディア,牡4,55,☆野中,01:49.7,3月4日,13,151.6,36,2005/9/8,美浦清水英,454(-6)
13,8,15,モレッキ,セ6,57,フォー,01:49.8,1月2日,9,62.6,36.5,2007/2/2,美浦稲垣,494(+22)
14,4,8,クロムウェル,牡4,56,岩部,01:50.5,4,16,420.7,37.1,2001/2/4,美浦加藤和,444(+6)
15,8,16,タイセイシャトル,セ4,56,木幡巧,01:51.9,9,14,209.3,38.3,2010/7/7,美浦斎藤誠,474(-4)
16,7,13,エールグリーツ,牝5,55,北村友,01:53.2,8,11,71.6,40,2002/1/1,美浦林,440(+12)
1,4,4,グレンガリー,セ5,57,津村,02:00.8,,3,7.2,35.9,2001/1/1,美浦萩原,440(-2)
2,1,1,アーチキング,セ7,57,丸山,02:01.1,2,4,9.5,35.5,2002/3/2,美浦木村,524(+6)
3,7,7,コーカス,牡6,57,フォー,02:01.3,1.1/4,1,2,35.2,2006/5/6,栗東藤原英,518(+6)
4,5,5,ダイイチターミナル,牡6,57,江田照,02:01.5,1.1/4,8,74.2,35.2,2008/9/8,美浦大江原,476(-2)
5,7,8,ジャストアジゴロ,牡4,56,Ｍデム,02:01.6,クビ,2,2.8,35.7,2008/7/4,栗東安田翔,450(+6)
6,8,10,クラサーヴィツァ,牝4,54,秋山,02:01.8,1,5,11.1,36.3,2002/2/2,美浦武井,450(+6)
7,2,2,エニグマバリエート,牡8,57,吉田豊,02:02.1,1.3/4,7,61.1,35.8,2007/7/8,美浦戸田,494(0)
8,8,9,エフティスパークル,牡7,55,△木幡育,02:02.2,3月4日,6,34.5,36.3,2004/4/4,美浦鹿戸,464(-4)
9,3,3,タニノホウザン,牡6,57,武士沢,02:02.4,1.1/2,10,174,35.9,2010/10/10,美浦星野,472(0)
10,6,6,ヴァンベールシチー,セ6,57,佐藤友,02:02.5,3月4日,9,78.8,36.3,2005/5/6,美浦池上,422(+4)
1,3,3,カフェファラオ,牡3,56,Ｍデム,01:37.7,,1,2.1,35.2,12月8日,美浦堀,504(-2)
2,7,12,タガノビューティー,牡3,56,和田,01:37.9,1.1/4,2,3.1,34.9,14-13,栗東西園,506(-2)
3,6,10,ヤウガウ,牡3,56,ルメー,01:38.3,2.1/2,3,6,36,6月5日,栗東須貝,486(+6)
4,5,8,ロンゴノット,牡3,56,石橋脩,01:38.4,1月2日,5,17.5,36.4,3月2日,美浦高柳瑞,486(0)
5,6,9,ヘルシャフト,牡3,56,大野,01:38.7,2,6,18.4,36.1,6月8日,栗東野中,506(-6)
6,4,6,メイショウテンスイ,牡3,56,武豊,01:38.8,クビ,7,19.5,36.9,2月2日,栗東南井,510(+13)
7,3,4,ウルトラマリン,牝3,54,内田博,01:38.9,1月2日,14,244.7,37.1,1月1日,栗東今野,466(-4)
8,5,7,タイセイポリシー,牡3,56,津村,01:38.9,クビ,13,129.6,36.4,9月8日,美浦栗田,486(-2)
9,2,2,ダイメイコリーダ,牡3,56,田辺,01:39.0,1月2日,9,51.6,36.9,4月4日,栗東森田,490(+22)
10,8,13,レーヌブランシュ,牝3,54,松山,01:39.3,1.1/2,4,15.6,36.5,9月11日,栗東橋口,454(0)
11,1,1,ジェットマックス,牡3,56,佐藤友,01:39.3,ハナ,12,122.4,36.9,6月7日,栗東森,492(+2)
12,8,14,モリノブレイク,牡3,56,江田照,01:39.5,1.1/2,11,121.1,36.7,11月11日,美浦大江原,554(+4)
13,7,11,ナイルリバー,牡3,56,フォー,01:40.8,8,8,44.5,37.8,12月13日,栗東藤原英,542(-10)
14,4,5,キメラヴェリテ,牡3,57,福永,01:41.0,1.1/4,10,85.8,38.7,4月5日,栗東中竹,538(+13)
1,5,5,アトミックフォース,牡4,56,田辺,02:02.1,,3,7,33.7,2002/2/2,美浦武藤,482(+8)
2,2,2,ウインガナドル,牡6,57,津村,02:02.3,1.1/4,4,9.4,34.2,2001/1/1,美浦上原,470(0)
3,8,10,レッドサイオン,牡4,56,ルメー,02:02.5,1.1/4,2,3.5,33.7,2006/5/4,美浦藤沢和,456(-6)
4,7,7,ベイビーステップ,牡6,57,和田,02:02.6,3月4日,8,54.1,34.1,2004/4/2,美浦菊川,492(0)
5,6,6,ダイワダグラス,牡4,56,内田博,02:02.6,ハナ,6,10.9,33.7,2004/5/6,美浦鹿戸,498(-8)
6,4,4,ゴータイミング,牡4,56,武豊,02:02.7,3月4日,1,2.4,33.7,2007/7/7,栗東松永幹,454(+2)
7,8,9,リフトトゥヘヴン,牡6,57,横山和,02:03.1,2.1/2,10,151.7,34.4,2003/3/4,美浦加藤征,488(-2)
8,7,8,ハナズレジェンド,牡7,57,松山,02:03.3,1.1/4,5,10.2,34,2008/8/8,栗東矢作,458(-4)
9,1,1,スパイラルダイブ,牡6,57,フォー,02:03.6,1.3/4,7,12.4,34.3,2008/8/8,美浦古賀慎,444(+8)
10,3,3,スモークフリー,牡8,57,吉田豊,02:03.8,1.1/2,9,72.1,34.3,2010/10/10,美浦戸田,538(0)
1,6,12,モズアスコット,牡6,57,ルメー,01:35.2,,1,2.8,35.4,8月8日,栗東矢作,494(0)
2,8,15,ケイティブレイブ,牡7,57,長岡,01:35.6,2.1/2,16,142.6,35.6,9月9日,栗東杉山,524(+4)
3,5,9,サンライズノヴァ,牡6,57,松山,01:35.8,1.1/4,3,6.8,35.3,12月13日,栗東音無,534(+10)
4,8,16,ワンダーリーデル,牡7,57,横山典,01:35.8,ハナ,7,28,35.5,12月11日,栗東安田翔,530(0)
5,2,4,タイムフライヤー,牡5,57,フォー,01:36.1,1.3/4,10,30.3,37,3月3日,栗東松田,472(-2)
6,4,8,キングズガード,牡9,57,秋山,01:36.5,2.1/2,14,111.5,35.9,14-13,栗東寺島,470(-8)
6,6,11,モジアナフレイバー,牡5,57,繁田健,01:36.5,2.1/2,11,45.4,36,14-13,地方福永敏,516(-3)
8,5,10,ノンコノユメ,セ8,57,真島大,01:36.6,1月2日,8,29.1,36.3,11月11日,地方荒山勝,446(+3)
9,1,2,アルクトス,牡5,57,田辺,01:37.0,2.1/2,4,9,38.3,2月1日,美浦栗田,548(+8)
10,4,7,ヴェンジェンス,牡7,57,幸,01:37.0,アタマ,5,17,37.5,7月6日,栗東大根田,496(-4)
11,7,14,ミューチャリー,牡4,57,御神本,01:37.1,1月2日,15,112.9,36.4,14-16,地方矢野義,464(-1)
12,2,3,ワイドファラオ,牡4,57,福永,01:37.3,1.1/4,6,24.1,38.5,1月2日,栗東角居,500(-8)
13,1,1,ブルドッグボス,牡8,57,和田,01:38.3,6,13,110.3,38.9,6月4日,栗東加用,514(-18)
14,3,5,インティ,牡6,57,武豊,01:38.3,クビ,2,3,39,4月4日,栗東野中,514(-4)
15,7,13,デルマルーヴル,牡4,57,Ｍデム,01:38.6,1.3/4,9,29.1,38.4,9月10日,美浦戸田,494(0)
16,3,6,ミッキーワイルド,牡5,57,北村友,01:38.9,1.3/4,12,48.3,39.3,4月6日,栗東安田隆,508(-6)
1,2,4,コーラルプリンセス,牝6,55,丸山,01:24.2,,3,5.6,36,6月6日,美浦高橋裕,536(+4)
2,4,8,ドウドウキリシマ,牡4,57,松山,01:24.4,1.1/4,4,7.5,36.4,5月5日,栗東村山,474(-10)
3,2,3,スズカゴーディー,牡6,57,石橋脩,01:24.5,1月2日,10,27.6,36.4,7月6日,美浦伊藤圭,486(-2)
4,1,2,アスクジョーダン,セ8,57,福永,01:24.7,1,8,17.5,36.8,4月4日,栗東野中,496(-10)
5,5,9,エピックアン,牡5,57,田辺,01:24.7,クビ,2,5.4,36.2,11月11日,美浦大和田,506(0)
6,6,11,オールウェイズゼア,牡6,57,野中,01:24.9,1.1/4,12,51.8,36,14-14,美浦大江原,480(-6)
7,5,10,ニューモニュメント,牡4,57,和田,01:25.0,3月4日,5,8.1,36.4,12月12日,栗東小崎,488(+16)
8,3,6,オルクリスト,牡4,57,大野,01:25.0,クビ,6,12.2,36.3,12月12日,美浦杉浦,484(-8)
9,4,7,サンタナブルー,牡8,57,ミナリ,01:25.4,2.1/2,16,96,37.1,9月8日,美浦和田雄,482(-6)
10,7,13,ティアップサンダー,牡8,57,佐藤友,01:25.4,クビ,15,92.5,36.6,14-14,美浦奥平,494(+8)
11,1,1,ホノカ,牝6,55,江田照,01:25.5,3月4日,14,86.4,38.5,1月1日,美浦菊川,482(+8)
12,8,16,アイアムハヤスギル,牡4,57,横山典,01:25.8,1.3/4,1,3.8,38.3,2月2日,美浦奥平,482(0)
13,8,15,ニシノジャガーズ,牡5,57,岩部,01:26.7,5,9,23.1,36.5,16-16,美浦萱野,488(-6)
14,7,14,アポロチーター,牡4,57,木幡巧,01:26.8,クビ,7,17.1,39.1,2月3日,美浦岩戸,530(0)
15,6,12,クリップスプリンガ,牡6,57,津村,01:26.8,アタマ,11,31.6,38.4,7月9日,美浦岩戸,456(-2)
16,3,5,スーパーアキラ,牡5,57,北村友,01:26.8,アタマ,13,66.9,38.4,10月9日,美浦矢野,512(0)
